100.0.0.0/16,V4-VZO,Verizon Business,US,65536,ALLOCATION,verizonbusiness.com
100.10.0.0/16,V4-VZO,Verizon Business,US,65536,ALLOCATION,verizonbusiness.com
100.1.0.0/16,V4-VZO,Verizon Business,US,65536,ALLOCATION,verizonbusiness.com
100.11.0.0/16,V4-VZO,Verizon Business,US,65536,ALLOCATION,verizonbusiness.com
100.12.0.0/16,V4-VZO,Verizon Business,US,65536,ALLOCATION,verizonbusiness.com
100.14.0.0/16,V4-VZO,Verizon Business,US,65536,ALLOCATION,verizonbusiness.com
100.15.0.0/16,V4-VZO,Verizon Business,US,65536,ALLOCATION,verizonbusiness.com
100.16.0.0/16,V4-VZO,Verizon Business,US,65536,ALLOCATION,verizonbusiness.com
100.17.0.0/16,V4-VZO,Verizon Business,US,65536,ALLOCATION,verizonbusiness.com
100.18.0.0/16,V4-VZO,Verizon Business,US,65536,ALLOCATION,verizonbusiness.com
100.19.0.0/16,V4-VZO,Verizon Business,US,65536,ALLOCATION,verizonbusiness.com
100.2.0.0/16,V4-VZO,Verizon Business,US,65536,ALLOCATION,verizonbusiness.com
100.33.0.0/16,V4-VZO,Verizon Business,US,65536,ALLOCATION,verizonbusiness.com
100.34.0.0/16,V4-VZO,Verizon Business,US,65536,ALLOCATION,verizonbusiness.com
100.35.0.0/16,V4-VZO,Verizon Business,US,65536,ALLOCATION,verizonbusiness.com
100.36.0.0/16,V4-VZO,Verizon Business,US,65536,ALLOCATION,verizonbusiness.com
100.37.0.0/16,V4-VZO,Verizon Business,US,65536,ALLOCATION,verizonbusiness.com
100.38.0.0/16,V4-VZO,Verizon Business,US,65536,ALLOCATION,verizonbusiness.com
100.40.0.0/17,V4-VZO,Verizon Business,US,32768,ALLOCATION,verizonbusiness.com
100.4.0.0/17,V4-VZO,Verizon Business,US,32768,ALLOCATION,verizonbusiness.com
100.40.128.0/17,V4-VZO,Verizon Business,US,32768,ALLOCATION,verizonbusiness.com
100.41.0.0/16,V4-VZO,Verizon Business,US,65536,ALLOCATION,verizonbusiness.com
100.4.128.0/17,V4-VZO,Verizon Business,US,32768,ALLOCATION,verizonbusiness.com
100.6.0.0/16,V4-VZO,Verizon Business,US,65536,ALLOCATION,verizonbusiness.com
100.7.0.0/16,V4-VZO,Verizon Business,US,65536,ALLOCATION,verizonbusiness.com
100.8.0.0/16,V4-VZO,Verizon Business,US,65536,ALLOCATION,verizonbusiness.com
108.10.128.0/19,VIS-BLOCK,Verizon Business,US,8192,ALLOCATION,verizonbusiness.com
108.11.0.0/18,VIS-BLOCK,Verizon Business,US,16384,ALLOCATION,verizonbusiness.com
108.11.128.0/19,VIS-BLOCK,Verizon Business,US,8192,ALLOCATION,verizonbusiness.com
108.11.160.0/19,VIS-BLOCK,Verizon Business,US,8192,ALLOCATION,verizonbusiness.com
108.11.192.0/18,VIS-BLOCK,Verizon Business,US,16384,ALLOCATION,verizonbusiness.com
108.1.128.0/19,VIS-BLOCK,Verizon Business,US,8192,ALLOCATION,verizonbusiness.com
108.1.192.0/19,VIS-BLOCK,Verizon Business,US,8192,ALLOCATION,verizonbusiness.com
108.12.0.0/18,VIS-BLOCK,Verizon Business,US,16384,ALLOCATION,verizonbusiness.com
108.12.128.0/19,VIS-BLOCK,Verizon Business,US,8192,ALLOCATION,verizonbusiness.com
108.12.160.0/19,VIS-BLOCK,Verizon Business,US,8192,ALLOCATION,verizonbusiness.com
108.12.192.0/18,VIS-BLOCK,Verizon Business,US,16384,ALLOCATION,verizonbusiness.com
108.1.224.0/19,VIS-BLOCK,Verizon Business,US,8192,ALLOCATION,verizonbusiness.com
108.14.0.0/16,VIS-BLOCK,Verizon Business,US,65536,ALLOCATION,verizonbusiness.com
108.15.0.0/17,VIS-BLOCK,Verizon Business,US,32768,ALLOCATION,verizonbusiness.com
108.15.160.0/19,VIS-BLOCK,Verizon Business,US,8192,ALLOCATION,verizonbusiness.com
108.15.176.0/20,VIS-BLOCK,Verizon Business,US,4096,ALLOCATION,verizonbusiness.com
108.15.192.0/19,VIS-BLOCK,Verizon Business,US,8192,ALLOCATION,verizonbusiness.com
108.15.224.0/19,VIS-BLOCK,Verizon Business,US,8192,ALLOCATION,verizonbusiness.com
108.16.0.0/16,VIS-BLOCK,Verizon Business,US,65536,ALLOCATION,verizonbusiness.com
108.1.64.0/19,VIS-BLOCK,Verizon Business,US,8192,ALLOCATION,verizonbusiness.com
108.17.0.0/18,VIS-BLOCK,Verizon Business,US,16384,ALLOCATION,verizonbusiness.com
108.17.128.0/19,FTTP,POQUOSON PUBLIC SCHOOL,US,8192,REASSIGNMENT,
108.17.64.0/18,FTTP,MIJARA INC,US,16384,REASSIGNMENT,
108.18.0.0/16,VIS-BLOCK,Verizon Business,US,65536,ALLOCATION,verizonbusiness.com
108.1.96.0/19,VIS-BLOCK,Verizon Business,US,8192,ALLOCATION,verizonbusiness.com
108.20.0.0/16,VIS-BLOCK,Verizon Business,US,65536,ALLOCATION,verizonbusiness.com
108.2.0.0/16,VIS-BLOCK,Verizon Business,US,65536,ALLOCATION,verizonbusiness.com
108.21.0.0/16,VIS-BLOCK,Verizon Business,US,65536,ALLOCATION,verizonbusiness.com
108.22.0.0/23,VIS-BLOCK,Verizon Business,US,512,ALLOCATION,verizonbusiness.com
108.22.10.0/24,VIS-BLOCK,Verizon Business,US,256,ALLOCATION,verizonbusiness.com
108.22.11.0/24,VIS-BLOCK,Verizon Business,US,256,ALLOCATION,verizonbusiness.com
108.22.192.0/19,VIS-BLOCK,Verizon Business,US,8192,ALLOCATION,verizonbusiness.com
108.22.2.0/23,VIS-BLOCK,Verizon Business,US,512,ALLOCATION,verizonbusiness.com
108.22.224.0/19,VIS-BLOCK,Verizon Business,US,8192,ALLOCATION,verizonbusiness.com
108.22.32.0/19,VIS-BLOCK,Verizon Business,US,8192,ALLOCATION,verizonbusiness.com
108.22.4.0/23,VIS-BLOCK,Verizon Business,US,512,ALLOCATION,verizonbusiness.com
108.22.6.0/23,VIS-BLOCK,Verizon Business,US,512,ALLOCATION,verizonbusiness.com
108.22.64.0/19,VIS-BLOCK,Verizon Business,US,8192,ALLOCATION,verizonbusiness.com
108.22.8.0/23,VIS-BLOCK,Verizon Business,US,512,ALLOCATION,verizonbusiness.com
108.24.0.0/16,VIS-BLOCK,Verizon Business,US,65536,ALLOCATION,verizonbusiness.com
108.25.0.0/16,VIS-BLOCK,Verizon Business,US,65536,ALLOCATION,verizonbusiness.com
108.26.0.0/18,VIS-BLOCK,Verizon Business,US,16384,ALLOCATION,verizonbusiness.com
108.26.128.0/17,VIS-BLOCK,Verizon Business,US,32768,ALLOCATION,verizonbusiness.com
108.26.64.0/18,VIS-BLOCK,Verizon Business,US,16384,ALLOCATION,verizonbusiness.com
108.27.0.0/16,VIS-BLOCK,Verizon Business,US,65536,ALLOCATION,verizonbusiness.com
108.28.0.0/16,VIS-BLOCK,Verizon Business,US,65536,ALLOCATION,verizonbusiness.com
108.29.0.0/16,VIS-BLOCK,Verizon Business,US,65536,ALLOCATION,verizonbusiness.com
108.30.0.0/16,VIS-BLOCK,Verizon Business,US,65536,ALLOCATION,verizonbusiness.com
108.31.0.0/16,VIS-BLOCK,Verizon Business,US,65536,ALLOCATION,verizonbusiness.com
108.3.128.0/17,VIS-BLOCK,Verizon Business,US,32768,ALLOCATION,verizonbusiness.com
108.32.0.0/17,VIS-BLOCK,Verizon Business,US,32768,ALLOCATION,verizonbusiness.com
108.32.128.0/17,VIS-BLOCK,Verizon Business,US,32768,ALLOCATION,verizonbusiness.com
108.33.254.0/24,VIS-BLOCK,Verizon Business,US,256,ALLOCATION,verizonbusiness.com
108.33.255.0/24,VIS-BLOCK,Verizon Business,US,256,ALLOCATION,verizonbusiness.com
108.34.128.0/17,VIS-BLOCK,Verizon Business,US,32768,ALLOCATION,verizonbusiness.com
108.34.16.0/20,VIS-BLOCK,Verizon Business,US,4096,ALLOCATION,verizonbusiness.com
108.34.32.0/19,VIS-BLOCK,Verizon Business,US,8192,ALLOCATION,verizonbusiness.com
108.34.64.0/18,VIS-BLOCK,Verizon Business,US,16384,ALLOCATION,verizonbusiness.com
108.35.0.0/16,VIS-BLOCK,Verizon Business,US,65536,ALLOCATION,verizonbusiness.com
108.36.0.0/16,VIS-BLOCK,Verizon Business,US,65536,ALLOCATION,verizonbusiness.com
108.3.64.0/18,VIS-BLOCK,Verizon Business,US,16384,ALLOCATION,verizonbusiness.com
108.37.0.0/16,VIS-BLOCK,Verizon Business,US,65536,ALLOCATION,verizonbusiness.com
108.39.0.0/17,VIS-BLOCK,Verizon Business,US,32768,ALLOCATION,verizonbusiness.com
108.39.128.0/17,VIS-BLOCK,Verizon Business,US,32768,ALLOCATION,verizonbusiness.com
108.40.0.0/17,VIS-BLOCK,Verizon Business,US,32768,ALLOCATION,verizonbusiness.com
108.4.0.0/17,VIS-BLOCK,Verizon Business,US,32768,ALLOCATION,verizonbusiness.com
108.41.0.0/16,VIS-BLOCK,Verizon Business,US,65536,ALLOCATION,verizonbusiness.com
108.4.128.0/19,VIS-BLOCK,Verizon Business,US,8192,ALLOCATION,verizonbusiness.com
108.4.160.0/19,VIS-BLOCK,Verizon Business,US,8192,ALLOCATION,verizonbusiness.com
108.4.192.0/18,VIS-BLOCK,Verizon Business,US,16384,ALLOCATION,verizonbusiness.com
108.44.0.0/18,VIS-BLOCK,Verizon Business,US,16384,ALLOCATION,verizonbusiness.com
108.44.128.0/17,VIS-BLOCK,Verizon Business,US,32768,ALLOCATION,verizonbusiness.com
108.44.64.0/18,VIS-BLOCK,Verizon Business,US,16384,ALLOCATION,verizonbusiness.com
108.45.0.0/16,VIS-BLOCK,Verizon Business,US,65536,ALLOCATION,verizonbusiness.com
108.46.0.0/16,VIS-BLOCK,Verizon Business,US,65536,ALLOCATION,verizonbusiness.com
108.48.0.0/13,VIS-BLOCK,Verizon Business,US,524288,ALLOCATION,verizonbusiness.com
108.49.0.0/16,VIS-BLOCK,Verizon Business,US,65536,ALLOCATION,verizonbusiness.com
108.50.0.0/19,VIS-BLOCK,Verizon Business,US,8192,ALLOCATION,verizonbusiness.com
108.5.0.0/16,VIS-BLOCK,Verizon Business,US,65536,ALLOCATION,verizonbusiness.com
108.50.128.0/17,VIS-BLOCK,Verizon Business,US,32768,ALLOCATION,verizonbusiness.com
108.50.32.0/19,VIS-BLOCK,Verizon Business,US,8192,ALLOCATION,verizonbusiness.com
108.50.64.0/18,VIS-BLOCK,Verizon Business,US,16384,ALLOCATION,verizonbusiness.com
108.51.0.0/16,VIS-BLOCK,Verizon Business,US,65536,ALLOCATION,verizonbusiness.com
108.52.0.0/16,VIS-BLOCK,Verizon Business,US,65536,ALLOCATION,verizonbusiness.com
108.53.0.0/16,VIS-BLOCK,Verizon Business,US,65536,ALLOCATION,verizonbusiness.com
108.54.0.0/16,VIS-BLOCK,Verizon Business,US,65536,ALLOCATION,verizonbusiness.com
108.55.0.0/18,VIS-BLOCK,Verizon Business,US,16384,ALLOCATION,verizonbusiness.com
108.55.192.0/18,VIS-BLOCK,Verizon Business,US,16384,ALLOCATION,verizonbusiness.com
108.55.64.0/18,VIS-BLOCK,Verizon Business,US,16384,ALLOCATION,verizonbusiness.com
108.56.0.0/16,VIS-BLOCK,Verizon Business,US,65536,ALLOCATION,verizonbusiness.com
108.57.0.0/18,VIS-BLOCK,Verizon Business,US,16384,ALLOCATION,verizonbusiness.com
108.57.192.0/18,VIS-BLOCK,Verizon Business,US,16384,ALLOCATION,verizonbusiness.com
108.57.64.0/18,VIS-BLOCK,Verizon Business,US,16384,ALLOCATION,verizonbusiness.com
108.6.0.0/16,VIS-BLOCK,Verizon Business,US,65536,ALLOCATION,verizonbusiness.com
108.7.0.0/16,VIS-BLOCK,Verizon Business,US,65536,ALLOCATION,verizonbusiness.com
108.8.0.0/19,VIS-BLOCK,Verizon Business,US,8192,ALLOCATION,verizonbusiness.com
108.8.192.0/18,VIS-BLOCK,Verizon Business,US,16384,ALLOCATION,verizonbusiness.com
108.8.32.0/19,VIS-BLOCK,Verizon Business,US,8192,ALLOCATION,verizonbusiness.com
108.8.64.0/18,VIS-BLOCK,Verizon Business,US,16384,ALLOCATION,verizonbusiness.com
129.44.0.0/19,VZ-DSLDIAL-NGRNPA-1,Verizon Internet Services,US,8192,REASSIGNMENT,verizon.net
129.44.128.0/19,VZ-DSLDIAL-BFLONY-1,Verizon Internet Services,US,8192,REASSIGNMENT,verizon.net
129.44.160.0/19,VZ-DSLDIAL-BSTNMA-19,Verizon,US,8192,REASSIGNMENT,verizon.com
129.44.192.0/19,VZ-DSLDIAL-SYRCNY-1,Verizon Internet Services,US,8192,REASSIGNMENT,verizon.net
129.44.240.0/20,VZ-DSLDIAL-BFLONY-4,Verizon,US,4096,REASSIGNMENT,verizon.com
129.44.32.0/19,VZGNI-PUB-6,Verizon Business,US,8192,ALLOCATION,verizonbusiness.com
129.44.64.0/19,VZ-DSLDIAL-BNGHNY-1,Verizon Internet Services,US,8192,REASSIGNMENT,verizon.net
129.44.96.0/19,VZ-DSLDIAL-PGHKNY-1,Verizon Internet Services,US,8192,REASSIGNMENT,verizon.net
130.81.0.0/16,VZGNI-PUB-7,Verizon Business,US,65536,ALLOCATION,verizonbusiness.com
137.39.0.0/16,UUNET-WAN,Verizon Business,US,65536,ALLOCATION,verizonbusiness.com
138.88.0.0/16,VZGNI-PUB-1,Verizon Business,US,65536,ALLOCATION,verizonbusiness.com
138.89.192.0/18,VZGNI-PUB-2,Verizon Business,US,16384,ALLOCATION,verizonbusiness.com
139.64.140.0/24,IWISP-LLC-LAKE-ANNA,iWiSPllc,US,256,REASSIGNMENT,
139.64.141.0/24,IWISP-LLC,iWiSP llc,US,256,ALLOCATION,iwisp.net
139.64.143.0/24,IWISP-LLC,iWiSP llc,US,256,ALLOCATION,iwisp.net
140.223.0.0/16,NSFNET-T3-RT,Advanced Network and Services Inc,US,65536,ALLOCATION,verizonbusiness.com
141.149.128.0/19,VZ-DSLDIAL-BFLONY-3,Verizon Internet Services,US,8192,REASSIGNMENT,verizon.net
141.149.160.0/19,VZ-DSLDIAL-BSTNMA-22,Verizon,US,8192,REASSIGNMENT,verizon.com
141.149.192.0/19,VZ-DSLDIAL-SYRCNY-2,Verizon Internet Services,US,8192,REASSIGNMENT,verizon.net
141.149.224.0/20,VZ-DSLDIAL-SYRCNY-2,Verizon Internet Services,US,4096,REASSIGNMENT,verizon.net
141.149.240.0/20,VZ-DSLDIAL-BFLONY-5,Verizon,US,4096,REASSIGNMENT,verizon.com
141.149.32.0/19,VZ-DSLDIAL-NYCMNY-15,Verizon Internet Services,US,8192,REASSIGNMENT,verizon.net
141.149.64.0/19,VZ-DSLDIAL-BNGHNY-2,Verizon Internet Services,US,8192,REASSIGNMENT,verizon.net
141.149.96.0/19,VZ-DSLDIAL-PGHKNY-2,Verizon Internet Services,US,8192,REASSIGNMENT,verizon.net
141.150.0.0/16,VZ-DSLDIAL-MDSNNJ-13,Verizon Internet Services,US,65536,REASSIGNMENT,verizon.net
141.150.0.0/24,VIS-141-149,Verizon Business,US,256,ALLOCATION,verizonbusiness.com
141.150.160.0/19,VZ-DSLDIAL-PSVLNJ-3,Verizon Internet Services,US,8192,REASSIGNMENT,verizon.net
141.151.0.0/16,VZ-DSLDIAL-GNBGPA-7,Verizon Internet Services,US,65536,REASSIGNMENT,verizon.net
141.151.0.0/24,VIS-141-149,Verizon Business,US,256,ALLOCATION,verizonbusiness.com
141.151.128.0/18,VZ-DSLDIAL-GNBGPA-7,Verizon Internet Services,US,16384,REASSIGNMENT,verizon.net
141.151.128.0/24,VIS-141-149,Verizon Business,US,256,ALLOCATION,verizonbusiness.com
141.151.132.0/24,VIS-141-149,Verizon Business,US,256,ALLOCATION,verizonbusiness.com
141.151.224.0/19,VZ-DSLDIAL-ALNAPA-3,Verizon Internet Services,US,8192,REASSIGNMENT,verizon.net
141.151.96.0/19,VZ-DSLDIAL-SCTNPA-2,Verizon Internet Services,US,8192,REASSIGNMENT,verizon.net
141.152.0.0/16,VZ-DSLDIAL-CHSKVA-5,Verizon Internet Services,US,65536,REASSIGNMENT,verizon.net
141.152.124.0/22,VIS-141-149,Verizon Business,US,1024,ALLOCATION,verizonbusiness.com
141.152.16.0/24,VZ-DSLDIAL-RCMDVA-3,Verizon Internet Services,US,256,REASSIGNMENT,verizon.net
141.152.17.0/24,VZ-DSLDIAL-RCMDVA-3,Verizon Internet Services,US,256,REASSIGNMENT,verizon.net
141.152.18.0/24,VZ-DSLDIAL-RCMDVA-3,Verizon Internet Services,US,256,REASSIGNMENT,verizon.net
141.152.224.0/19,VZ-DSLDIAL-PHLAPA-13,Verizon Internet Services,US,8192,REASSIGNMENT,verizon.net
141.152.76.0/22,VZ-DSLDIAL-RONKVA-2,Verizon Internet Services,US,1024,REASSIGNMENT,verizon.net
141.153.0.0/16,VZ-DSLDIAL-MDSNNJ-12,Verizon Internet Services,US,65536,REASSIGNMENT,verizon.net
141.154.0.0/16,VZ-DSLDIAL-BSTNMA-8,Verizon Internet Services,US,65536,REASSIGNMENT,verizon.net
141.154.0.0/24,VIS-141-149,Verizon Business,US,256,ALLOCATION,verizonbusiness.com
141.155.0.0/18,VZ-DSLDIAL-NYCMNY-6,Verizon Internet Services,US,16384,REASSIGNMENT,verizon.net
141.155.0.0/24,VIS-141-149,Verizon Business,US,256,ALLOCATION,verizonbusiness.com
141.155.128.0/18,VZ-DSLDIAL-NYCMNY-10,Verizon Internet Services,US,16384,REASSIGNMENT,verizon.net
141.155.192.0/19,VZ-SCHLFVSLRTS-1,School Of Visual Arts,US,8192,REASSIGNMENT,sva.edu
141.155.203.0/24,VZ-AGTRC-1,AIG/TRC,US,256,REASSIGNMENT,
141.155.213.0/24,VZ-XZTWWRDSRVC-1,Xyz Two Way Radio Service,US,256,REASSIGNMENT,xyzcar.com
141.155.224.0/19,VZ-CUSTWAN-GRCYNY-2,Verizon Internet Services,US,8192,REASSIGNMENT,verizon.com
141.155.39.0/24,VZ-DSLDIAL-NYCMNY-7,Verizon Internet Services,US,256,REASSIGNMENT,verizon.net
141.155.40.0/24,VZ-DSLDIAL-NYCMNY-7,Verizon Internet Services,US,256,REASSIGNMENT,verizon.net
141.155.41.0/24,VZ-DSLDIAL-NYCMNY-7,Verizon Internet Services,US,256,REASSIGNMENT,verizon.net
141.155.42.0/24,VZ-DSLDIAL-NYCMNY-7,Verizon Internet Services,US,256,REASSIGNMENT,verizon.net
141.155.43.0/24,VZ-DSLDIAL-NYCMNY-7,Verizon Internet Services,US,256,REASSIGNMENT,verizon.net
141.155.52.0/24,VZ-DSLDIAL-NYCMNY-8,Verizon Internet Services,US,256,REASSIGNMENT,verizon.net
141.155.53.0/24,VZ-DSLDIAL-NYCMNY-8,Verizon Internet Services,US,256,REASSIGNMENT,verizon.net
141.155.54.0/24,VZ-DSLDIAL-NYCMNY-8,Verizon Internet Services,US,256,REASSIGNMENT,verizon.net
141.155.55.0/24,VZ-DSLDIAL-NYCMNY-8,Verizon Internet Services,US,256,REASSIGNMENT,verizon.net
141.155.64.0/19,VZ-WLLSTRTWBCSTNG-1,Wall Street Webcasting,US,8192,REASSIGNMENT,wsw.com
141.155.96.0/19,VZ-DSLDIAL-NYCMNY-9,Verizon Internet Services,US,8192,REASSIGNMENT,verizon.net
141.156.0.0/16,VZ-DSLDIAL-RSTNVA-10,Verizon Internet Services,US,65536,REASSIGNMENT,verizon.net
141.157.0.0/16,VZ-DSLDIAL-CYVLMD-9,Verizon Internet Services,US,65536,REASSIGNMENT,verizon.net
141.157.0.0/17,VZ-DSLDIAL-CYVLMD-9,Verizon Internet Services,US,32768,REASSIGNMENT,verizon.net
141.157.128.0/19,VZ-TWWYRD-2,Two Way Radio,US,8192,REASSIGNMENT,twowayradiogear.com
141.157.192.0/18,VZ-DSLDIAL-NYCMNY-14,Verizon Internet Services,US,16384,REASSIGNMENT,verizon.net
141.158.0.0/16,VZ-DSL-DIAL-PHIL-1,Verizon Internet Services,US,65536,REASSIGNMENT,verizon.net
141.158.128.0/19,VZ-DSLDIAL-SCTNPA-3,Verizon Internet Services,US,8192,REASSIGNMENT,verizon.net
141.158.160.0/19,VZ-DSLDIAL-HRBGPA-7,Verizon Internet Services,US,8192,REASSIGNMENT,verizon.net
141.158.192.0/19,VZ-DSLDIAL-ALNAPA-5,Verizon,US,8192,REASSIGNMENT,verizon.com
141.158.64.0/18,VZ-DSLDIAL-GNBGPA-9,Verizon Internet Services,US,16384,REASSIGNMENT,verizon.net
141.158.80.0/24,VIS-141-149,Verizon Business,US,256,ALLOCATION,verizonbusiness.com
142.131.178.0/23,FAIRMONT-HOTELS-RESORTS,Fairmont Raffles Hotels International,US,512,REASSIGNMENT,frhi.com
142.77.0.0/16,UUNET-CA-A,Verizon Business,US,65536,ALLOCATION,verizonbusiness.com
144.250.24.0/24,APTIV,"APTIV SERVICES US, LLC",US,256,ALLOCATION,aptiv.com
146.1.0.0/16,VC32-NET,VC32,US,65536,ALLOCATION,verizon.com
146.170.26.0/23,MCI-INT-NET,MCI Telecommunications Corporation,US,512,ALLOCATION,verizonbusiness.com
147.225.0.0/16,ADVANCED-NET,ANS Inc.,US,65536,ALLOCATION,ans.net
151.196.0.0/16,VZ-DSLDIAL-CYVLMD-1,Verizon Internet Services,US,65536,REASSIGNMENT,verizon.net
151.196.0.0/24,VIS-151-196,Verizon Business,US,256,ALLOCATION,verizonbusiness.com
151.197.0.0/16,VZ-DSLDIAL-PHLAPA-3,Verizon Internet Services,US,65536,REASSIGNMENT,verizon.net
151.197.0.0/24,VIS-151-196,Verizon Business,US,256,ALLOCATION,verizonbusiness.com
151.198.0.0/16,VZ-DSLDIAL-MDSNNJ-3,Verizon Internet Services,US,65536,REASSIGNMENT,verizon.net
151.198.0.0/24,VIS-151-196,Verizon Business,US,256,ALLOCATION,verizonbusiness.com
151.199.0.0/16,VZ-DSLDIAL-BSTNMA-16,Verizon Internet Services,US,65536,REASSIGNMENT,verizon.net
151.199.0.0/20,VZ-CUSTWAN-RONKVA-1,Verizon Internet Services,US,4096,REASSIGNMENT,verizon.com
151.199.0.0/24,VIS-151-196,Verizon Business,US,256,ALLOCATION,verizonbusiness.com
151.199.160.0/19,VZ-DSLDIAL-LYBG-1,Verizon Internet Services,US,8192,REASSIGNMENT,verizon.net
151.199.166.0/23,VIS-151-196,Verizon Business,US,512,ALLOCATION,verizonbusiness.com
151.199.190.0/23,VZ-DSLDIAL-LYBG-1,Verizon Internet Services,US,512,REASSIGNMENT,verizon.net
151.199.224.0/19,VZ-DSLDIAL-PHLAPA-7,Verizon Internet Services,US,8192,REASSIGNMENT,verizon.net
151.200.0.0/16,VZ-DSLDIAL-RSTNVA-1,Verizon Internet Services,US,65536,REASSIGNMENT,verizon.net
151.200.173.0/24,BA-151-200-173-0,SAIC-Vermont Avenue,US,256,REASSIGNMENT,saic.com
151.200.189.0/24,VZ-PRNCGRGSCNTY-1,Prince Georges County Government,US,256,REASSIGNMENT,pg.md.us
151.200.199.0/24,NETBLK-BA-199-0,WETA,US,256,REASSIGNMENT,weta.org
151.201.0.0/16,BA-151-201-160-207-0,Pittsburgh Public Schools,US,65536,REASSIGNMENT,gnilink.net
151.201.0.0/17,VIS-151-196,Verizon Business,US,32768,ALLOCATION,verizonbusiness.com
151.201.0.0/24,VIS-151-196,Verizon Business,US,256,ALLOCATION,verizonbusiness.com
151.201.128.0/20,VIS-151-196,Verizon Business,US,4096,ALLOCATION,verizonbusiness.com
151.201.160.0/19,BA-151-201-160-207-0,Pittsburgh Public Schools,US,8192,REASSIGNMENT,gnilink.net
151.201.192.0/18,BA-151-201-160-207-0,Pittsburgh Public Schools,US,16384,REASSIGNMENT,gnilink.net
151.201.217.0/24,VIS-151-196,Verizon Business,US,256,ALLOCATION,verizonbusiness.com
151.201.73.0/24,VIS-151-196,Verizon Business,US,256,ALLOCATION,verizonbusiness.com
151.202.0.0/17,VZ-DSLDIAL-NYCMNY-1,Verizon Internet Services,US,32768,REASSIGNMENT,verizon.net
151.202.0.0/24,VIS-151-196,Verizon Business,US,256,ALLOCATION,verizonbusiness.com
151.202.160.0/19,VZ-DSLDIAL-NYCMNY-3,Verizon Internet Services,US,8192,REASSIGNMENT,verizon.net
151.202.192.0/19,VZ-HDGFNDCPTLPRTNRS-1,Hedge Fund Capital Partners,US,8192,REASSIGNMENT,
151.202.224.0/19,VZ-CUSTWAN-GRCYNY-1,Verizon Internet Services,US,8192,REASSIGNMENT,verizon.com
151.203.0.0/16,VZ-DSLDIAL-BSTNMA-5,Verizon Internet Services,US,65536,REASSIGNMENT,verizon.net
151.204.0.0/18,VZ-DSLDIAL-CRHLNJ-1,Verizon Internet Services,US,16384,REASSIGNMENT,verizon.net
151.204.0.0/24,VIS-151-196,Verizon Business,US,256,ALLOCATION,verizonbusiness.com
151.204.106.0/24,VZ-CRPRTPRKFSTTNSLND-1,Corportate Park of Staten Island,US,256,REASSIGNMENT,
151.204.107.0/24,VZ-PBBSNDSTRSNC-1,Pibbs Industries Inc,US,256,REASSIGNMENT,pibbs.com
151.204.128.0/19,VIS-151-196,Verizon Business,US,8192,ALLOCATION,verizonbusiness.com
151.204.160.0/20,VZ-LTCRLM-1,Elite Car & Limo,US,4096,REASSIGNMENT,
151.204.176.0/20,VZ-ACMOORE-01,AC Moore,US,4096,REASSIGNMENT,acmoore.com
151.204.192.0/19,VIS-151-196,Verizon Business,US,8192,ALLOCATION,verizonbusiness.com
151.204.224.0/19,VZ-DSLDIAL-BSTNMA-6,Verizon Internet Services,US,8192,REASSIGNMENT,verizon.net
151.204.64.0/19,VZ-DSLDIAL-CRHLNJ-2,Verizon Internet Services,US,8192,REASSIGNMENT,verizon.net
151.204.96.0/19,VZ-JCDCX-1,J C Decaux,US,8192,REASSIGNMENT,jcdecaux.com
151.205.0.0/16,VZ-DSLDIAL-HRBGPA-3,Verizon Internet Services,US,65536,REASSIGNMENT,verizon.net
151.205.128.0/19,VZ-NFRMTNMNFCTRNGCRP-1,Information Manufacturing Corp.,US,8192,REASSIGNMENT,infoman.com
151.205.160.0/19,VZ-DSLDIAL-NYCMNY-23,Verizon,US,8192,REASSIGNMENT,verizon.com
151.205.96.0/19,VZ-DSLDIAL-CHTNWV-3,Verizon Internet Services,US,8192,REASSIGNMENT,verizon.net
152.145.12.0/24,REVCO,"Aetna, Inc.",US,256,ALLOCATION,aetna.com
152.164.0.0/16,ANS-BNET9,"ANS Communications, Inc",US,65536,ALLOCATION,ans.net
152.176.0.0/12,UU-152-176,"ANS Communications, Inc",US,1048576,ALLOCATION,ans.net
152.184.128.0/17,UU-152-176,"ANS Communications, Inc",US,32768,ALLOCATION,ans.net
152.192.0.0/13,UU-152-176,"ANS Communications, Inc",US,524288,ALLOCATION,ans.net
152.208.0.0/13,ANS-BNET53,"ANS Communications, Inc",US,524288,ALLOCATION,ans.net
152.208.0.0/16,ANS-BNET53,"ANS Communications, Inc",US,65536,ALLOCATION,ans.net
152.63.0.0/16,UUNET-BACKBONE,Verizon Business,US,65536,ALLOCATION,verizonbusiness.com
153.38.0.0/15,UUNETCUSTB38,Verizon Business,US,131072,ALLOCATION,verizonbusiness.com
156.146.1.0/24,LIZ,Kate Spade Holdings LLC,US,256,ALLOCATION,katespade.com
156.146.6.0/24,LIZ,Kate Spade Holdings LLC,US,256,ALLOCATION,katespade.com
156.146.9.0/24,LIZ,Kate Spade Holdings LLC,US,256,ALLOCATION,katespade.com
157.130.0.0/16,UUNETCUSTB40,Verizon Business,US,65536,ALLOCATION,verizonbusiness.com
159.54.21.0/24,USATNET,"Gannett Satellite Information Network, LLC.",US,256,ALLOCATION,gannett.com
160.231.236.0/22,DSAC,Dassault Systemes Americas Corp.,US,1024,ALLOCATION,3ds.com
162.83.0.0/16,VIS-162-83,Verizon Business,US,65536,ALLOCATION,verizonbusiness.com
162.83.0.0/18,VZ-DSLDIAL-CMBRMD-1,Verizon Internet Services,US,16384,REASSIGNMENT,verizon.net
162.83.112.0/20,VIS-162-83,Verizon Business,US,4096,ALLOCATION,verizonbusiness.com
162.83.128.0/17,VZ-DSLDIAL-NYCMNY-4,Verizon Internet Services,US,32768,REASSIGNMENT,verizon.net
162.83.170.0/24,VZ-DSLDIAL-NYCMNY-4,Verizon Internet Services,US,256,REASSIGNMENT,verizon.net
162.83.171.0/24,VZ-DSLDIAL-NYCMNY-4,Verizon Internet Services,US,256,REASSIGNMENT,verizon.net
162.83.64.0/19,VZ-DSLDIAL-FRBGVA-1,Verizon Internet Services,US,8192,REASSIGNMENT,verizon.net
162.84.0.0/16,VIS-162-84,Verizon Business,US,65536,ALLOCATION,verizonbusiness.com
162.84.0.0/18,VZ-DSLDIAL-CMBRMD-2,Verizon Internet Services,US,16384,REASSIGNMENT,verizon.net
162.84.128.0/17,VZ-DSLDIAL-NYCMNY-11,Verizon Internet Services,US,32768,REASSIGNMENT,verizon.net
162.84.170.0/24,VZ-DSLDIAL-NYCMNY-11,Verizon Internet Services,US,256,REASSIGNMENT,verizon.net
162.84.171.0/24,VZ-DSLDIAL-NYCMNY-11,Verizon Internet Services,US,256,REASSIGNMENT,verizon.net
162.91.0.0/16,ALM,"ALM Operations, Inc.",US,65536,ALLOCATION,almoperations.com
165.117.243.0/24,ALGX-ABI-BLK1,Verizon Business,US,256,ALLOCATION,verizonbusiness.com
166.41.125.0/24,MCI-NETCS12,MCI (Systems Engineering),US,256,ALLOCATION,verizon.com
166.50.3.0/24,MCI-NETCS21,MCI Telecommunications,US,256,ALLOCATION,verizonbusiness.com
167.188.251.0/24,DTCC-PTC-NETBLOCK,Depository Trust & Clearing Corporation,US,256,ALLOCATION,dtcc.com
168.233.10.0/24,TJXCOS,Marshalls Inc.,US,256,ALLOCATION,marshal.com
168.233.2.0/24,TJXCOS,Marshalls Inc.,US,256,ALLOCATION,marshal.com
170.248.55.0/24,ACCENTURE-1,Accenture LLP,US,256,ALLOCATION,accenture.com
173.48.0.0/16,VIS-BLOCK,Verizon Business,US,65536,ALLOCATION,verizonbusiness.com
173.49.0.0/16,VIS-BLOCK,Verizon Business,US,65536,ALLOCATION,verizonbusiness.com
173.50.160.0/20,FTTP,"ROSENBERG,ELIJHA",US,4096,REASSIGNMENT,
173.50.16.0/20,VIS-BLOCK,Verizon Business,US,4096,ALLOCATION,verizonbusiness.com
173.50.208.0/20,VIS-BLOCK,Verizon Business,US,4096,ALLOCATION,verizonbusiness.com
173.50.32.0/20,VIS-BLOCK,Verizon Business,US,4096,ALLOCATION,verizonbusiness.com
173.50.48.0/20,FTTP,KELLEY BROTHERS INC,US,4096,REASSIGNMENT,kelleybros.com
173.50.64.0/18,VIS-BLOCK,Verizon Business,US,16384,ALLOCATION,verizonbusiness.com
173.52.0.0/16,VIS-BLOCK,Verizon Business,US,65536,ALLOCATION,verizonbusiness.com
173.53.0.0/18,VIS-BLOCK,Verizon Business,US,16384,ALLOCATION,verizonbusiness.com
173.53.255.0/24,VIS-BLOCK,Verizon Business,US,256,ALLOCATION,verizonbusiness.com
173.53.64.0/18,VIS-BLOCK,Verizon Business,US,16384,ALLOCATION,verizonbusiness.com
173.54.0.0/16,VIS-BLOCK,Verizon Business,US,65536,ALLOCATION,verizonbusiness.com
173.56.0.0/16,VIS-BLOCK,Verizon Business,US,65536,ALLOCATION,verizonbusiness.com
173.59.0.0/18,VIS-BLOCK,Verizon Business,US,16384,ALLOCATION,verizonbusiness.com
173.59.160.0/19,VIS-BLOCK,Verizon Business,US,8192,ALLOCATION,verizonbusiness.com
173.59.192.0/20,VIS-BLOCK,Verizon Business,US,4096,ALLOCATION,verizonbusiness.com
173.59.208.0/20,VIS-BLOCK,Verizon Business,US,4096,ALLOCATION,verizonbusiness.com
173.59.224.0/19,FTTP,LOYOLA BLAKEFIELD HIGH SC,US,8192,REASSIGNMENT,
173.59.64.0/18,VIS-BLOCK,Verizon Business,US,16384,ALLOCATION,verizonbusiness.com
173.61.0.0/16,VIS-BLOCK,Verizon Business,US,65536,ALLOCATION,verizonbusiness.com
173.62.0.0/17,VIS-BLOCK,Verizon Business,US,32768,ALLOCATION,verizonbusiness.com
173.62.128.0/17,VIS-BLOCK,Verizon Business,US,32768,ALLOCATION,verizonbusiness.com
173.63.0.0/16,VIS-BLOCK,Verizon Business,US,65536,ALLOCATION,verizonbusiness.com
173.64.0.0/18,VIS-BLOCK,Verizon Business,US,16384,ALLOCATION,verizonbusiness.com
173.64.64.0/18,VIS-BLOCK,Verizon Business,US,16384,ALLOCATION,verizonbusiness.com
173.66.0.0/16,VIS-BLOCK,Verizon Business,US,65536,ALLOCATION,verizonbusiness.com
173.67.0.0/18,VIS-BLOCK,Verizon Business,US,16384,ALLOCATION,verizonbusiness.com
173.67.128.0/18,VIS-BLOCK,Verizon Business,US,16384,ALLOCATION,verizonbusiness.com
173.67.192.0/20,VIS-BLOCK,Verizon Business,US,4096,ALLOCATION,verizonbusiness.com
173.67.224.0/19,VIS-BLOCK,Verizon Business,US,8192,ALLOCATION,verizonbusiness.com
173.68.0.0/16,VIS-BLOCK,Verizon Business,US,65536,ALLOCATION,verizonbusiness.com
173.69.0.0/18,VIS-BLOCK,Verizon Business,US,16384,ALLOCATION,verizonbusiness.com
173.69.128.0/17,VIS-BLOCK,Verizon Business,US,32768,ALLOCATION,verizonbusiness.com
173.69.96.0/20,VIS-BLOCK,Verizon Business,US,4096,ALLOCATION,verizonbusiness.com
173.70.0.0/16,VIS-BLOCK,Verizon Business,US,65536,ALLOCATION,verizonbusiness.com
173.71.128.0/19,VIS-BLOCK,Verizon Business,US,8192,ALLOCATION,verizonbusiness.com
173.71.160.0/19,VIS-BLOCK,Verizon Business,US,8192,ALLOCATION,verizonbusiness.com
173.71.192.0/19,VIS-BLOCK,Verizon Business,US,8192,ALLOCATION,verizonbusiness.com
173.71.64.0/18,VIS-BLOCK,Verizon Business,US,16384,ALLOCATION,verizonbusiness.com
173.72.0.0/17,VIS-BLOCK,Verizon Business,US,32768,ALLOCATION,verizonbusiness.com
173.72.128.0/17,VIS-BLOCK,Verizon Business,US,32768,ALLOCATION,verizonbusiness.com
173.73.0.0/16,VIS-BLOCK,Verizon Business,US,65536,ALLOCATION,verizonbusiness.com
173.75.0.0/18,VIS-BLOCK,Verizon Business,US,16384,ALLOCATION,verizonbusiness.com
173.75.128.0/19,VIS-BLOCK,Verizon Business,US,8192,ALLOCATION,verizonbusiness.com
173.75.160.0/19,VIS-BLOCK,Verizon Business,US,8192,ALLOCATION,verizonbusiness.com
173.75.192.0/18,VIS-BLOCK,Verizon Business,US,16384,ALLOCATION,verizonbusiness.com
173.76.0.0/16,VIS-BLOCK,Verizon Business,US,65536,ALLOCATION,verizonbusiness.com
173.77.0.0/16,VIS-BLOCK,Verizon Business,US,65536,ALLOCATION,verizonbusiness.com
173.79.0.0/16,VIS-BLOCK,Verizon Business,US,65536,ALLOCATION,verizonbusiness.com
186.64.0.0/19,SRM13,VERIZON ARGENTINA S.R.L.,AR,8192,ALLOCATED,verizon.com
186.64.32.0/20,SRM13,VERIZON ARGENTINA S.R.L.,AR,4096,ALLOCATED,verizon.com
186.64.48.0/21,SRM13,VERIZON ARGENTINA S.R.L.,AR,2048,ALLOCATED,verizon.com
186.64.56.0/22,SRM13,VERIZON ARGENTINA S.R.L.,AR,1024,ALLOCATED,verizon.com
186.64.60.0/23,SRM13,VERIZON ARGENTINA S.R.L.,AR,512,ALLOCATED,verizon.com
186.64.62.0/24,SRM13,VERIZON ARGENTINA S.R.L.,AR,256,ALLOCATED,verizon.com
192.103.64.0/20,NBB-CBLOCK,"ANS Communications, Inc",US,4096,ALLOCATION,ans.net
192.112.240.0/24,UBSNANETS,UBS AG,US,256,ALLOCATION,ubs.com
192.131.112.0/24,FOXBORONET1,"Schneider Electric Systems USA, Inc.",US,256,ALLOCATION,se.com
192.131.116.0/24,FOXBORONET1,"Schneider Electric Systems USA, Inc.",US,256,ALLOCATION,se.com
192.131.117.0/24,FOXBORONET1,"Schneider Electric Systems USA, Inc.",US,256,ALLOCATION,se.com
192.131.118.0/24,FOXBORONET1,"Schneider Electric Systems USA, Inc.",US,256,ALLOCATION,se.com
192.131.119.0/24,FOXBORONET1,"Schneider Electric Systems USA, Inc.",US,256,ALLOCATION,se.com
192.149.21.0/24,SMITH-WESSON,Smith & Wesson,US,256,ALLOCATION,smith-wesson.com
192.175.136.0/24,NETBLK-VANGUARD,"The Vanguard Group, Inc.",US,256,ALLOCATION,vanguard.com
192.189.0.0/24,BLOOMFIELD-TOWNSHIP,Master Vision,US,256,ALLOCATION,mastervision.dk
192.203.48.0/20,NETBLK-UUNETCUSC,Verizon Business,US,4096,ALLOCATION,verizonbusiness.com
192.251.17.0/24,PROCENTRIX-WAN,"Procentrix, Inc.",US,256,ALLOCATION,procentrix.com
192.48.96.0/24,UUNET-ETHER,Verizon Business,US,256,ALLOCATION,verizonbusiness.com
192.94.120.0/24,ACR-1,American College of Radiology,US,256,ALLOCATION,acr.org
198.133.32.0/19,UUNETCA-CBLK-A,Verizon Business,US,8192,ALLOCATION,verizonbusiness.com
198.153.72.0/24,NETBLK-CCNET,Crown Center Redevelopment Corp.,US,256,ALLOCATION,crowncenter.com
198.160.13.0/24,PEOPLES6,People's Bank,US,256,REASSIGNMENT,peoplesbank-wa.com
198.176.212.0/24,INX-NET,INX International Ink Company,US,256,ALLOCATION,inxink.com
198.181.112.0/24,NETBLK-ENTERPRISE-WAN,New York Telephone,US,256,ALLOCATION,
198.184.128.0/24,GTELNETSEC,Verizon Data Services LLC,US,256,ALLOCATION,verizon.com
198.22.201.0/24,EBCONET,Ensign-Bickford Company,US,256,ALLOCATION,ensign-bickfordind.com
198.231.64.0/18,UUNET-CBLK2,Verizon Business,US,16384,ALLOCATION,verizonbusiness.com
198.246.75.0/24,DOI-HQ,U.S. Department of the Interior,US,256,ALLOCATION,doi.gov
198.252.242.0/23,NETBLK-NEWPORTNEWS,City of Newport News,US,512,ALLOCATION,northrodercuthu.tk
198.3.0.0/16,NETBLK-UUNETCBLK3,Verizon Business,US,65536,ALLOCATION,verizonbusiness.com
198.4.0.0/15,NETBLK-UUNETCBLK4,Verizon Business,US,131072,ALLOCATION,verizonbusiness.com
198.6.0.0/16,NETBLK-UUNETCBLK4,Verizon Business,US,65536,ALLOCATION,verizonbusiness.com
198.83.0.0/16,BLK198-16-ANS,"ANS Communications, Inc",US,65536,ALLOCATION,ans.net
199.120.255.0/24,PANSUPT-LAN,"Panhandle Support, LLC",US,256,ALLOCATION,panhandlesupport.com
199.164.17.0/24,NETBLK-CABOT,Cabot,US,256,ALLOCATION,cabotcorp.com
199.170.0.0/15,NETBLK-UUCBLK170-173,Verizon Business,US,131072,ALLOCATION,verizonbusiness.com
199.172.0.0/15,NETBLK-UUCBLK170-173,Verizon Business,US,131072,ALLOCATION,verizonbusiness.com
199.184.177.0/24,CTI-CBLK,"Control Technology, Inc.",US,256,ALLOCATION,controltechnology.com
199.184.178.0/24,CTI-CBLK,"Control Technology, Inc.",US,256,ALLOCATION,controltechnology.com
199.202.116.0/22,ASN-INTERLINK,Verizon Business,US,1024,ALLOCATION,verizonbusiness.com
199.202.120.0/21,ASN-INTERLINK,Verizon Business,US,2048,ALLOCATION,verizonbusiness.com
199.202.128.0/21,ASN-INTERLINK,Verizon Business,US,2048,ALLOCATION,verizonbusiness.com
199.202.234.0/23,UUNETCAWEBUU2,UUNET Canada Inc. - Web Hosting,CA,512,REASSIGNMENT,uunet.ca
199.202.236.0/22,UUNETCAWEBUU2,UUNET Canada Inc. - Web Hosting,CA,1024,REASSIGNMENT,uunet.ca
199.219.128.0/24,ANS-C-BLOCK2,"ANS Communications, Inc",US,256,ALLOCATION,ans.net
199.219.129.0/24,ANS-C-BLOCK2,"ANS Communications, Inc",US,256,ALLOCATION,ans.net
199.219.130.0/24,ANS-C-BLOCK2,"ANS Communications, Inc",US,256,ALLOCATION,ans.net
199.219.192.0/24,ANS-C-BLOCK2,"ANS Communications, Inc",US,256,ALLOCATION,ans.net
199.221.0.0/16,ANS-C-BLOCK2,"ANS Communications, Inc",US,65536,ALLOCATION,ans.net
199.222.0.0/16,ANS-C-BLOCK2,"ANS Communications, Inc",US,65536,ALLOCATION,ans.net
199.254.162.0/24,PARTYLITE,"Partylite Gifts, Inc.",US,256,ALLOCATION,partylite.com
199.34.64.0/24,DATADALLAS,Data Dallas Corporation,US,256,ALLOCATION,ddci.net
199.34.66.0/24,DATADALLAS,Data Dallas Corporation,US,256,ALLOCATION,ddci.net
199.45.32.0/19,VIS-PUB-7,Verizon Business,US,8192,ALLOCATION,verizonbusiness.com
199.45.32.0/24,VIS-PUB-7,Verizon Business,US,256,ALLOCATION,verizonbusiness.com
199.45.59.0/24,VIS-PUB-7,Verizon Business,US,256,ALLOCATION,verizonbusiness.com
199.45.60.0/24,VIS-PUB-7,Verizon Business,US,256,ALLOCATION,verizonbusiness.com
199.45.64.0/18,UUNETCA-CBLK3,Verizon Business,US,16384,ALLOCATION,verizonbusiness.com
199.85.101.0/24,OPENTEXT-NET-EMS2,Open Text Corporation,CA,256,ALLOCATION,opentext.com
204.148.0.0/14,ANS-C-BLOCK3,"ANS Communications, Inc",US,262144,ALLOCATION,ans.net
204.176.0.0/14,UUNETCBLK176-179,Verizon Business,US,262144,ALLOCATION,verizonbusiness.com
204.252.0.0/14,UUNETCBLK252,Verizon Business,US,262144,ALLOCATION,verizonbusiness.com
204.51.64.0/18,TERRENAP-0-20,Verizon Business,US,16384,ALLOCATION,verizonbusiness.com
204.75.164.0/24,PTC,Parallel Technologies Corp.,US,256,ALLOCATION,interpage.net
204.76.11.0/24,NECA-INC,"National Exchange Carrier Association, Inc.",US,256,ALLOCATION,neca.org
204.91.17.0/24,ALGX-ABI-BLK7,Verizon Business,US,256,ALLOCATION,verizonbusiness.com
204.92.0.0/16,UUNET-1-A,Verizon Business,US,65536,ALLOCATION,verizonbusiness.com
205.143.157.0/24,BLOODSYS-205-143-152-0,"Blood Systems, Inc.",US,256,ALLOCATION,bloodsystems.org
205.143.158.0/24,BLOODSYS-205-143-152-0,"Blood Systems, Inc.",US,256,ALLOCATION,bloodsystems.org
205.150.0.0/16,UUNET-2-A,Verizon Business,US,65536,ALLOCATION,verizonbusiness.com
205.197.12.0/24,ALGX-ABI-BLK4,Verizon Business,US,256,ALLOCATION,verizonbusiness.com
205.197.34.0/24,ALGX-ABI-BLK4,Verizon Business,US,256,ALLOCATION,verizonbusiness.com
205.205.0.0/16,INTERLINK01,Verizon Business,US,65536,ALLOCATION,verizonbusiness.com
205.223.27.0/24,VALOTTERY,Virginia State Lottery Department,US,256,ALLOCATION,valottery.com
205.228.0.0/14,UUNETCBLK228,Verizon Business,US,262144,ALLOCATION,verizonbusiness.com
206.111.49.0/24,XOXO-BLK-1,Verizon Business,US,256,ALLOCATION,verizonbusiness.com
206.112.0.0/14,NETBLK-UUNETCBLK-112,Verizon Business,US,262144,ALLOCATION,verizonbusiness.com
206.124.86.0/24,GTEN-206-124,Verizon Business,US,256,ALLOCATION,verizonbusiness.com
206.136.0.0/14,NETBLK-UUNETCBLK136,Verizon Business,US,262144,ALLOCATION,verizonbusiness.com
206.205.117.0/24,ALGX-ABI-BLK10,Verizon Business,US,256,ALLOCATION,verizonbusiness.com
206.207.58.0/24,UOAZ-Z,The University of Arizona,US,256,ALLOCATION,arizona.edu
206.207.60.0/24,UOAZ-Z,The University of Arizona,US,256,ALLOCATION,arizona.edu
206.207.61.0/24,UOAZ-Z,The University of Arizona,US,256,ALLOCATION,arizona.edu
206.207.63.0/24,UOAZ-Z,The University of Arizona,US,256,ALLOCATION,arizona.edu
206.46.0.0/17,GTEN-206-46,Verizon Business,US,32768,ALLOCATION,verizonbusiness.com
206.64.0.0/14,NETBLK-UUNETCBLK64-67,Verizon Business,US,262144,ALLOCATION,verizonbusiness.com
206.80.160.0/19,GRID-NET,Verizon Business,US,8192,ALLOCATION,verizonbusiness.com
206.83.72.0/24,XOXO-BLK-8,Verizon Business,US,256,ALLOCATION,verizonbusiness.com
206.83.80.0/24,XOXO-BLK-8,Verizon Business,US,256,ALLOCATION,verizonbusiness.com
207.101.11.0/24,ALGX-ABI-BLK19,Verizon Business,US,256,ALLOCATION,verizonbusiness.com
207.11.242.0/24,WOODPLC-RANGE1,Wood,US,256,ALLOCATION,woodiplaw.com
207.139.0.0/16,INTERLINK02,Verizon Business,US,65536,ALLOCATION,verizonbusiness.com
207.16.0.0/14,NETBLK-UUNETCBLK16,Verizon Business,US,262144,ALLOCATION,verizonbusiness.com
207.176.0.0/16,BTN-CIDR8,"PCCW Global, Inc.",US,65536,ALLOCATION,pccwglobal.com
207.205.0.0/16,GRIDNET-BLK2,Verizon Business,US,65536,ALLOCATION,verizonbusiness.com
207.22.128.0/18,UUNET-207-22,Verizon Business,US,16384,ALLOCATION,verizonbusiness.com
207.22.167.0/24,UUNET-207-22,Verizon Business,US,256,ALLOCATION,verizonbusiness.com
207.238.82.0/24,ALGX-ABI-BLK12,Verizon Business,US,256,ALLOCATION,verizonbusiness.com
207.239.117.0/24,ALGX-ABI-BLK12,Verizon Business,US,256,ALLOCATION,verizonbusiness.com
207.24.0.0/14,ANS-C-BLOCK4,"ANS Communications, Inc",US,262144,ALLOCATION,ans.net
207.247.0.0/16,WCOM-PROD1,LDDS WorldCom,US,65536,ALLOCATION,verizonbusiness.com
207.251.128.0/18,UU-207-251-128,Verizon Business,US,16384,ALLOCATION,verizonbusiness.com
207.53.0.0/17,GRIDNET-BLK,Verizon Business,US,32768,ALLOCATION,verizonbusiness.com
207.68.0.0/19,VIS-207-68,Verizon Business,US,8192,ALLOCATION,verizonbusiness.com
207.68.32.0/19,VZ-DSLDIAL-CHSKVA-2,Verizon Internet Services,US,8192,REASSIGNMENT,verizon.com
207.68.32.0/24,VIS-207-68,Verizon Business,US,256,ALLOCATION,verizonbusiness.com
207.68.96.0/19,VIS-207-68,Verizon Business,US,8192,ALLOCATION,verizonbusiness.com
207.76.0.0/14,UUNET1996A,Verizon Business,US,262144,ALLOCATION,verizonbusiness.com
207.86.183.0/24,ALGX-ABI-BLK11,Verizon Business,US,256,ALLOCATION,verizonbusiness.com
208.176.119.0/24,XOXO-BLK-13,Verizon Business,US,256,ALLOCATION,verizonbusiness.com
208.192.0.0/10,UUNET1996B,Verizon Business,US,4194304,ALLOCATION,verizonbusiness.com
208.77.1.0/24,ITALK,"iTalk Global Communications, Inc.",US,256,ALLOCATION,italkbb.com
208.90.237.0/24,8E6-NET-1,"Trustwave Holdings, Inc.",US,256,ALLOCATION,trustwave.com
209.114.64.0/19,TOTALITY-BLK-1,Verizon Business,US,8192,ALLOCATION,verizonbusiness.com
209.116.152.0/24,ALGX-ABI-BLK14,Verizon Business,US,256,ALLOCATION,verizonbusiness.com
209.117.63.0/24,ALGX-ABI-BLK14,Verizon Business,US,256,ALLOCATION,verizonbusiness.com
209.118.130.0/23,ALGX-ABI-BLK14,Verizon Business,US,512,ALLOCATION,verizonbusiness.com
209.118.185.0/24,NET-209-118-185-0-1,ASUS COMPUTER INTERNATIONAL,US,256,REASSIGNMENT,asus.com
209.118.251.0/24,ALGX-ABI-BLK14,Verizon Business,US,256,ALLOCATION,verizonbusiness.com
209.118.39.0/24,ALGX-ABI-BLK14,Verizon Business,US,256,ALLOCATION,verizonbusiness.com
209.119.1.0/24,XOXO-209-119-0-0,"L-Soft International, Inc.",US,256,REALLOCATION,lsoft.com
209.119.20.0/24,XOXO-209-119-20-0,"Metanet Communications, Inc.",US,256,REALLOCATION,metanethosting.com
209.119.231.0/24,ALGX-ABI-BLK14,Verizon Business,US,256,ALLOCATION,verizonbusiness.com
209.138.0.0/16,GRIDBLK-6,Verizon Business,US,65536,ALLOCATION,verizonbusiness.com
209.158.0.0/19,VZ-DSLDIAL-ALNAPA-1,Verizon Internet Services,US,8192,REASSIGNMENT,verizon.net
209.158.192.0/19,VZ-DSLDIAL-RCMDVA-1,Verizon Internet Services,US,8192,REASSIGNMENT,verizon.net
209.158.206.0/24,VZ-DSLDIAL-RCMDVA-1,Verizon Internet Services,US,256,REASSIGNMENT,verizon.net
209.158.207.0/24,VZ-DSLDIAL-RCMDVA-1,Verizon Internet Services,US,256,REASSIGNMENT,verizon.net
209.158.208.0/24,VZ-DSLDIAL-RCMDVA-1,Verizon Internet Services,US,256,REASSIGNMENT,verizon.net
209.158.224.0/19,VZ-DSLDIAL-HRBGPA-2,Verizon Internet Services,US,8192,REASSIGNMENT,verizon.net
209.158.32.0/19,VZ-DSLDIAL-SCTNPA-1,Verizon Internet Services,US,8192,REASSIGNMENT,verizon.net
209.158.64.0/19,VZ-DSLDIAL-PSVLNJ-1,Verizon Internet Services,US,8192,REASSIGNMENT,verizon.net
209.159.0.0/19,VIS-209-158,Verizon Business,US,8192,ALLOCATION,verizonbusiness.com
209.159.2.0/24,VIS-209-158,Verizon Business,US,256,ALLOCATION,verizonbusiness.com
209.167.0.0/16,UUNETCA5-A,Verizon Business,US,65536,ALLOCATION,verizonbusiness.com
209.205.0.0/18,INTERLINK03,Verizon Business,US,16384,ALLOCATION,verizonbusiness.com
209.212.160.0/19,UU-209-212-160,Verizon Business,US,8192,ALLOCATION,verizonbusiness.com
209.220.104.0/24,META-6,RW-194,US,256,REASSIGNMENT,gometanet.com
209.220.96.0/23,XOXO-209-220-96-0,"Metanet Communications, Inc.",US,512,REALLOCATION,metanethosting.com
209.47.0.0/16,UUNETCA4-A,Verizon Business,US,65536,ALLOCATION,verizonbusiness.com
209.48.69.0/24,ALGX-ABI-BLK13,Verizon Business,US,256,ALLOCATION,verizonbusiness.com
216.1.105.0/24,ALGX-ABI-BLK15,Verizon Business,US,256,ALLOCATION,verizonbusiness.com
216.1.111.0/24,ALGX-ABI-BLK15,Verizon Business,US,256,ALLOCATION,verizonbusiness.com
216.112.126.0/24,XOXO-216-112-126-0,BandCon,US,256,REALLOCATION,bandcon.com
216.156.128.0/24,XOXO-216-156-128-0,"Metanet Communications, Inc.",US,256,REALLOCATION,metanethosting.com
216.156.152.0/24,XOXO-BLK-25,Verizon Business,US,256,ALLOCATION,verizonbusiness.com
216.156.156.0/23,XOXO-216-156-156-0,"Metanet Communications, Inc.",US,512,REALLOCATION,metanethosting.com
216.1.90.0/24,ALGX-ABI-BLK15,Verizon Business,US,256,ALLOCATION,verizonbusiness.com
216.233.0.0/16,UU-216-233-0,Verizon Business,US,65536,ALLOCATION,verizonbusiness.com
216.3.153.0/24,ALGX-ABI-BLK15,Verizon Business,US,256,ALLOCATION,verizonbusiness.com
216.4.197.0/24,ALGX-ABI-BLK15,Verizon Business,US,256,ALLOCATION,verizonbusiness.com
216.4.8.0/22,ALGX-ABI-BLK15,Verizon Business,US,1024,ALLOCATION,verizonbusiness.com
216.94.0.0/15,UUNETCA6-A,Verizon Business,US,131072,ALLOCATION,verizonbusiness.com
23.29.104.0/24,TERRENAP-1-20,"XTEC, Incorporated",US,256,REASSIGNMENT,xtec.com
23.29.96.0/20,TERRENAP-1-20,Verizon Business,US,4096,ALLOCATION,verizonbusiness.com
63.0.0.0/12,NETBLK-UUNET97DU,Verizon Business,US,1048576,ALLOCATION,verizonbusiness.com
63.112.0.0/12,UUNET63,Verizon Business,US,1048576,ALLOCATION,verizonbusiness.com
63.16.0.0/12,NETBLK-UUNET97DU,Verizon Business,US,1048576,ALLOCATION,verizonbusiness.com
63.48.0.0/12,VCP,Cellco Partnership DBA Verizon Wireless,US,1048576,REASSIGNMENT,verizonwireless.com
63.64.0.0/12,UUNET63,Verizon Business,US,1048576,ALLOCATION,verizonbusiness.com
63.80.0.0/12,UUNET63,Verizon Business,US,1048576,ALLOCATION,verizonbusiness.com
63.80.26.0/23,UU-63-80-26,NEW DAY BROADBAND,US,512,REASSIGNMENT,
63.80.36.0/23,PBC-63-80-36-CH,PACIFIC BUSINESS CENTERS,US,512,REASSIGNMENT,splicens.com
63.96.0.0/12,UUNET63,Verizon Business,US,1048576,ALLOCATION,verizonbusiness.com
64.0.204.0/24,XOXO-BLK-14,Verizon Business,US,256,ALLOCATION,verizonbusiness.com
64.10.0.0/15,UUNETCA7-A,Verizon Business,US,131072,ALLOCATION,verizonbusiness.com
64.1.24.0/24,XOXO-64-1-24-0,"WAITEX INFORMATION SYSTEMS, INC.",US,256,REALLOCATION,waitex.com
64.1.31.0/24,XOXO-BLK-14,Verizon Business,US,256,ALLOCATION,verizonbusiness.com
64.222.0.0/18,VZGNI-PUB-5,Verizon Business,US,16384,ALLOCATION,verizonbusiness.com
64.223.0.0/18,VZGNI-PUB-5,Verizon Business,US,16384,ALLOCATION,verizonbusiness.com
64.35.224.0/20,EEOC,U. S. Equal Employment Opportunity Commission,US,4096,ALLOCATION,eeoc.gov
64.35.240.0/22,EEOC,U. S. Equal Employment Opportunity Commission,US,1024,ALLOCATION,eeoc.gov
64.36.0.0/16,UU-64-36-0,Verizon Business,US,65536,ALLOCATION,verizonbusiness.com
64.50.95.0/24,XOXO-BLK-7,Verizon Business,US,256,ALLOCATION,verizonbusiness.com
65.192.0.0/11,UUNET65,Verizon Business,US,2097152,ALLOCATION,verizonbusiness.com
65.224.0.0/12,UUNET97DU-2BLK,Verizon Business,US,1048576,ALLOCATION,verizonbusiness.com
65.240.0.0/13,UUNET65-2,Verizon Business,US,524288,ALLOCATION,verizonbusiness.com
65.248.0.0/14,UUNET65-2,Verizon Business,US,262144,ALLOCATION,verizonbusiness.com
65.252.0.0/15,UUNET65-2,Verizon Business,US,131072,ALLOCATION,verizonbusiness.com
65.44.171.0/24,XOXO-65-44-171-0,Ilitch Holdings Inc.,US,256,REALLOCATION,ilitchholdings.com
66.12.0.0/14,VZN-DSL,Verizon Business,US,262144,ALLOCATION,verizonbusiness.com
66.15.79.0/24,VZN-DSL-GEN-BLK07,Genuity DSL,US,256,REASSIGNMENT,genuity.net
66.165.160.0/19,TERRENAP-0-19,Verizon Business,US,8192,ALLOCATION,verizonbusiness.com
66.165.167.0/24,TERRENAP,Xtec,US,256,REASSIGNMENT,xtec.com
66.165.185.0/24,TERRENAP-0-19,Farelogix Inc,US,256,REASSIGNMENT,farelogix.com
66.175.96.0/19,TERRENAP-0-18,Verizon Business,US,8192,ALLOCATION,verizonbusiness.com
66.236.163.0/24,XOX1-BLK-2,Verizon Business,US,256,ALLOCATION,verizonbusiness.com
66.48.0.0/16,UUNETCA8-A,Verizon Business,US,65536,ALLOCATION,verizonbusiness.com
66.58.0.0/17,UU-66-58-0,Verizon Business,US,32768,ALLOCATION,verizonbusiness.com
67.108.162.0/24,XOXO-BLK-17,Verizon Business,US,256,ALLOCATION,verizonbusiness.com
67.108.178.0/24,XOXO-BLK-17,Verizon Business,US,256,ALLOCATION,verizonbusiness.com
67.111.135.0/24,XOXO-BLK-17,Verizon Business,US,256,ALLOCATION,verizonbusiness.com
67.201.122.0/24,COLUMBIA,Columbia Sussex Corporation,US,256,ALLOCATION,columbiasussex.com
67.201.98.0/24,COLUMBIA,Columbia Sussex Corporation,US,256,ALLOCATION,columbiasussex.com
67.208.208.0/20,TERRENAP-0-20,Verizon Business,US,4096,ALLOCATION,verizonbusiness.com
67.90.44.0/24,XOXO-67-90-44-0,"Metanet Communications, Inc.",US,256,REALLOCATION,metanethosting.com
67.90.46.0/23,XOXO-67-90-46-0,"Metanet Communications, Inc.",US,512,REALLOCATION,metanethosting.com
67.91.27.0/24,IALG-ALGX-9,Verizon Business,US,256,ALLOCATION,verizonbusiness.com
68.128.0.0/17,NETBLK-UUNET97DU-3BLK,Verizon Business,US,32768,ALLOCATION,verizonbusiness.com
68.129.0.0/16,NETBLK-UUNET97DU-3BLK,Verizon Business,US,65536,ALLOCATION,verizonbusiness.com
68.130.208.0/20,NETBLK-UUNET97DU-3BLK,Verizon Business,US,4096,ALLOCATION,verizonbusiness.com
68.131.0.0/16,NETBLK-UUNET97DU-3BLK,Verizon Business,US,65536,ALLOCATION,verizonbusiness.com
68.132.0.0/16,NETBLK-UUNET97DU-3BLK,Verizon Business,US,65536,ALLOCATION,verizonbusiness.com
68.133.0.0/16,NETBLK-UUNET97DU-3BLK,Verizon Business,US,65536,ALLOCATION,verizonbusiness.com
68.134.0.0/16,NETBLK-UUNET97DU-3BLK,Verizon Business,US,65536,ALLOCATION,verizonbusiness.com
68.140.0.0/15,NETBLK-UUNET97DU-3BLK,Verizon Business,US,131072,ALLOCATION,verizonbusiness.com
68.160.128.0/19,VZ-DSLDIAL-BSTNMA-18,Verizon Internet Services,US,8192,REASSIGNMENT,verizon.net
68.160.160.0/19,VZ-DSLDIAL-BSTNMA-18,Verizon Internet Services,US,8192,REASSIGNMENT,verizon.net
68.160.192.0/18,VZ-DSLDIAL-NYCMNY-19,Verizon Internet Services,US,16384,REASSIGNMENT,verizon.net
68.160.64.0/20,VZ-CMMRZBNK-3,Commerzbank Capital Markets Corp,US,4096,REASSIGNMENT,
68.161.0.0/16,VZ-DSLDIAL-NYCMNY-19,Verizon Internet Services,US,65536,REASSIGNMENT,verizon.net
68.161.0.0/24,VZ-DSLDIAL-NYCMNY-19,Verizon Internet Services,US,256,REASSIGNMENT,verizon.net
68.161.1.0/24,VZ-DSLDIAL-NYCMNY-19,Verizon Internet Services,US,256,REASSIGNMENT,verizon.net
68.161.2.0/24,VZ-DSLDIAL-NYCMNY-19,Verizon Internet Services,US,256,REASSIGNMENT,verizon.net
68.161.250.0/24,VZ-MNHTTNFML-1,Manhatten Family Office,US,256,REASSIGNMENT,
68.161.3.0/24,VZ-DSLDIAL-NYCMNY-19,Verizon Internet Services,US,256,REASSIGNMENT,verizon.net
68.161.4.0/24,VZ-DSLDIAL-NYCMNY-19,Verizon Internet Services,US,256,REASSIGNMENT,verizon.net
68.161.5.0/24,VZ-DSLDIAL-NYCMNY-19,Verizon Internet Services,US,256,REASSIGNMENT,verizon.net
68.161.6.0/24,VZ-DSLDIAL-NYCMNY-19,Verizon Internet Services,US,256,REASSIGNMENT,verizon.net
68.161.7.0/24,VZ-DSLDIAL-NYCMNY-19,Verizon Internet Services,US,256,REASSIGNMENT,verizon.net
68.162.128.0/18,VIS-68-160,Verizon Business,US,16384,ALLOCATION,verizonbusiness.com
68.162.192.0/19,VZ-DSLDIAL-BSTNMA-20,Verizon,US,8192,REASSIGNMENT,verizon.com
68.162.224.0/19,VZ-DSLDIAL-BSTNMA-23,Verizon,US,8192,REASSIGNMENT,verizon.com
68.162.64.0/19,VIS-68-160,Verizon Business,US,8192,ALLOCATION,verizonbusiness.com
68.162.96.0/19,VIS-68-160,Verizon Business,US,8192,ALLOCATION,verizonbusiness.com
68.163.121.0/24,VZ-MDDTSJTNSNC-1,Medidata Sojutions Inc,US,256,REASSIGNMENT,
68.163.32.0/19,VIS-68-160,Verizon Business,US,8192,ALLOCATION,verizonbusiness.com
68.163.64.0/19,VIS-68-160,Verizon Business,US,8192,ALLOCATION,verizonbusiness.com
68.163.96.0/20,VZ-DSLDIAL-BSTNMA-25,Verizon,US,4096,REASSIGNMENT,verizon.com
68.236.128.0/19,VZ-DSLDIAL-ALBNY-1,Verizon,US,8192,REASSIGNMENT,verizon.com
68.236.160.0/19,VZ-DSLDIAL-NYCMNY-24,Verizon,US,8192,REASSIGNMENT,verizon.com
68.236.192.0/19,VIS-68-236,Verizon Business,US,8192,ALLOCATION,verizonbusiness.com
68.236.96.0/19,VIS-68-236,Verizon Business,US,8192,ALLOCATION,verizonbusiness.com
68.237.0.0/17,VZ-DSLDIAL-NYCMNY-25,Verizon,US,32768,REASSIGNMENT,verizon.com
68.237.160.0/22,VIS-68-236,Verizon Business,US,1024,ALLOCATION,verizonbusiness.com
68.237.162.0/24,VIS-68-236,Verizon Business,US,256,ALLOCATION,verizonbusiness.com
68.237.192.0/18,VZ-DSLDIAL-NYCMNY-26,Verizon,US,16384,REASSIGNMENT,verizon.com
68.238.0.0/20,VIS-68-236,Verizon Business,US,4096,ALLOCATION,verizonbusiness.com
68.238.1.0/24,VIS-68-236,Verizon Business,US,256,ALLOCATION,verizonbusiness.com
68.238.112.0/21,VIS-68-236,Verizon Business,US,2048,ALLOCATION,verizonbusiness.com
68.238.112.0/24,VIS-68-236,Verizon Business,US,256,ALLOCATION,verizonbusiness.com
68.238.128.0/20,VIS-68-236,Verizon Business,US,4096,ALLOCATION,verizonbusiness.com
68.238.128.0/24,VIS-68-236,Verizon Business,US,256,ALLOCATION,verizonbusiness.com
68.238.160.0/21,VIS-68-236,Verizon Business,US,2048,ALLOCATION,verizonbusiness.com
68.238.16.0/20,VIS-68-236,Verizon Business,US,4096,ALLOCATION,verizonbusiness.com
68.238.176.0/20,VIS-68-236,Verizon Business,US,4096,ALLOCATION,verizonbusiness.com
68.238.192.0/18,VIS-68-236,Verizon Business,US,16384,ALLOCATION,verizonbusiness.com
68.238.64.0/20,VIS-68-236,Verizon Business,US,4096,ALLOCATION,verizonbusiness.com
68.238.65.0/24,VIS-68-236,Verizon Business,US,256,ALLOCATION,verizonbusiness.com
68.238.66.0/24,VIS-68-236,Verizon Business,US,256,ALLOCATION,verizonbusiness.com
68.238.96.0/20,VIS-68-236,Verizon Business,US,4096,ALLOCATION,verizonbusiness.com
68.238.96.0/24,VIS-68-236,Verizon Business,US,256,ALLOCATION,verizonbusiness.com
68.238.97.0/24,VIS-68-236,Verizon Business,US,256,ALLOCATION,verizonbusiness.com
68.239.0.0/18,VIS-68-236,Verizon Business,US,16384,ALLOCATION,verizonbusiness.com
68.239.64.0/18,VIS-68-236,Verizon Business,US,16384,ALLOCATION,verizonbusiness.com
69.195.192.0/18,TERRENAP-0-20,Verizon Business,US,16384,ALLOCATION,verizonbusiness.com
69.42.105.0/24,TERRENAP-0-20,TFG021,US,256,REASSIGNMENT,
69.42.125.0/24,TERRENAP-0-20,Verizon Business,US,256,ALLOCATION,verizonbusiness.com
69.42.96.0/19,TERRENAP-0-20,Verizon Business,US,8192,ALLOCATION,verizonbusiness.com
69.52.14.0/24,BLK-69-52,Barclays Global Investors,US,256,ALLOCATION,blackrock.com
70.104.128.0/20,VIS-70-104,Verizon Business,US,4096,ALLOCATION,verizonbusiness.com
70.104.160.0/19,VIS-70-104,Verizon Business,US,8192,ALLOCATION,verizonbusiness.com
70.104.192.0/20,VIS-70-104,Verizon Business,US,4096,ALLOCATION,verizonbusiness.com
70.104.32.0/19,VIS-70-104,Verizon Business,US,8192,ALLOCATION,verizonbusiness.com
70.105.0.0/18,VIS-70-104,Verizon Business,US,16384,ALLOCATION,verizonbusiness.com
70.105.160.0/20,VIS-70-104,Verizon Business,US,4096,ALLOCATION,verizonbusiness.com
70.105.176.0/20,VIS-70-104,Verizon Business,US,4096,ALLOCATION,verizonbusiness.com
70.105.192.0/19,VIS-70-104,Verizon Business,US,8192,ALLOCATION,verizonbusiness.com
70.105.64.0/19,TM,IBM Cloud Managed Application Services,US,8192,REASSIGNMENT,ibm.com
70.106.0.0/20,VZ-GTZPRNGTNGC-1,Goetz Pringting Co,US,4096,REASSIGNMENT,
70.106.128.0/19,VIS-70-104,Verizon Business,US,8192,ALLOCATION,verizonbusiness.com
70.106.14.0/24,VIS-70-104,Verizon Business,US,256,ALLOCATION,verizonbusiness.com
70.106.16.0/20,VIS-70-104,Verizon Business,US,4096,ALLOCATION,verizonbusiness.com
70.106.176.0/20,VIS-70-104,Verizon Business,US,4096,ALLOCATION,verizonbusiness.com
70.106.192.0/18,VIS-70-104,Verizon Business,US,16384,ALLOCATION,verizonbusiness.com
70.106.2.0/24,VIS-70-104,Verizon Business,US,256,ALLOCATION,verizonbusiness.com
70.106.64.0/18,VIS-70-104,Verizon Business,US,16384,ALLOCATION,verizonbusiness.com
70.107.0.0/16,VIS-70-104,Verizon Business,US,65536,ALLOCATION,verizonbusiness.com
70.108.0.0/16,VIS-70-104,Verizon Business,US,65536,ALLOCATION,verizonbusiness.com
70.109.192.0/19,VIS-70-104,Verizon Business,US,8192,ALLOCATION,verizonbusiness.com
70.109.224.0/19,VIS-70-104,Verizon Business,US,8192,ALLOCATION,verizonbusiness.com
70.109.48.0/20,FTTP,LEVIT & JAMES INC,US,4096,REASSIGNMENT,levitjames.com
70.109.64.0/19,VIS-70-104,Verizon Business,US,8192,ALLOCATION,verizonbusiness.com
70.110.124.0/22,VIS-70-104,Verizon Business,US,1024,ALLOCATION,verizonbusiness.com
70.110.128.0/17,VIS-70-104,Verizon Business,US,32768,ALLOCATION,verizonbusiness.com
70.110.16.0/20,VIS-70-104,Verizon Business,US,4096,ALLOCATION,verizonbusiness.com
70.110.80.0/20,VIS-70-104,Verizon Business,US,4096,ALLOCATION,verizonbusiness.com
70.16.0.0/19,VIS-70-16,Verizon Business,US,8192,ALLOCATION,verizonbusiness.com
70.16.128.0/19,VIS-70-16,Verizon Business,US,8192,ALLOCATION,verizonbusiness.com
70.16.160.0/19,VIS-70-16,Verizon Business,US,8192,ALLOCATION,verizonbusiness.com
70.16.224.0/19,VIS-70-16,Verizon Business,US,8192,ALLOCATION,verizonbusiness.com
70.16.32.0/20,VIS-70-16,Verizon Business,US,4096,ALLOCATION,verizonbusiness.com
70.16.80.0/20,VIS-70-16,Verizon Business,US,4096,ALLOCATION,verizonbusiness.com
70.17.0.0/19,VZ-VLLJLCLLG-1,Villa Julie College,US,8192,REASSIGNMENT,
70.17.192.0/18,VIS-70-16,Verizon Business,US,16384,ALLOCATION,verizonbusiness.com
70.17.32.0/19,VIS-70-16,Verizon Business,US,8192,ALLOCATION,verizonbusiness.com
70.17.64.0/18,VIS-70-16,Verizon Business,US,16384,ALLOCATION,verizonbusiness.com
70.18.0.0/18,VIS-70-16,Verizon Business,US,16384,ALLOCATION,verizonbusiness.com
70.18.192.0/19,VIS-70-16,Verizon Business,US,8192,ALLOCATION,verizonbusiness.com
70.18.224.0/19,VIS-70-16,Verizon Business,US,8192,ALLOCATION,verizonbusiness.com
70.19.0.0/17,VIS-70-16,Verizon Business,US,32768,ALLOCATION,verizonbusiness.com
70.20.0.0/20,VIS-70-16,Verizon Business,US,4096,ALLOCATION,verizonbusiness.com
70.20.128.0/17,VIS-70-16,Verizon Business,US,32768,ALLOCATION,verizonbusiness.com
70.20.16.0/20,VIS-70-16,Verizon Business,US,4096,ALLOCATION,verizonbusiness.com
70.21.0.0/17,VIS-70-16,Verizon Business,US,32768,ALLOCATION,verizonbusiness.com
70.21.128.0/17,VIS-70-16,Verizon Business,US,32768,ALLOCATION,verizonbusiness.com
70.22.0.0/17,VIS-70-16,Verizon Business,US,32768,ALLOCATION,verizonbusiness.com
70.22.128.0/17,VIS-70-16,Verizon Business,US,32768,ALLOCATION,verizonbusiness.com
70.23.0.0/16,VIS-70-16,Verizon Business,US,65536,ALLOCATION,verizonbusiness.com
71.102.96.0/19,VIS-71-96,Verizon Business,US,8192,ALLOCATION,verizonbusiness.com
71.104.0.0/16,VIS-71-96,Verizon Business,US,65536,ALLOCATION,verizonbusiness.com
71.105.0.0/16,VIS-71-96,Verizon Business,US,65536,ALLOCATION,verizonbusiness.com
71.111.0.0/17,VIS-71-96,Verizon Business,US,32768,ALLOCATION,verizonbusiness.com
71.112.0.0/16,VIS-71-96,Verizon Business,US,65536,ALLOCATION,verizonbusiness.com
71.113.0.0/17,VIS-71-96,Verizon Business,US,32768,ALLOCATION,verizonbusiness.com
71.113.128.0/18,VIS-71-96,Verizon Business,US,16384,ALLOCATION,verizonbusiness.com
71.113.208.0/20,DSL,", AIRIMBA WIRELESS",US,4096,REASSIGNMENT,
71.114.0.0/18,VIS-71-96,Verizon Business,US,16384,ALLOCATION,verizonbusiness.com
71.114.112.0/20,DSL,", MARLEY COOLING TOWER",US,4096,REASSIGNMENT,marleycoolingtower.com
71.114.128.0/19,VIS-71-96,Verizon Business,US,8192,ALLOCATION,verizonbusiness.com
71.114.160.0/19,VIS-71-96,Verizon Business,US,8192,ALLOCATION,verizonbusiness.com
71.114.224.0/19,VIS-71-96,Verizon Business,US,8192,ALLOCATION,verizonbusiness.com
71.114.64.0/19,VIS-71-96,Verizon Business,US,8192,ALLOCATION,verizonbusiness.com
71.114.96.0/20,DSL,", CONCEPTS IN ACCOUNTING",US,4096,REASSIGNMENT,conceptsinaccounting.com
71.115.0.0/18,VIS-71-96,Verizon Business,US,16384,ALLOCATION,verizonbusiness.com
71.115.128.0/17,VIS-71-96,Verizon Business,US,32768,ALLOCATION,verizonbusiness.com
71.116.0.0/20,DSL,", CITY OF BRADY",US,4096,REASSIGNMENT,bradytx.us
71.116.16.0/20,DSL,SI FUNERAL SERVICES,US,4096,REASSIGNMENT,khanyaholistics.co.za
71.116.32.0/19,VIS-71-96,Verizon Business,US,8192,ALLOCATION,verizonbusiness.com
71.117.128.0/17,VIS-71-96,Verizon Business,US,32768,ALLOCATION,verizonbusiness.com
71.117.16.0/20,VIS-71-96,Verizon Business,US,4096,ALLOCATION,verizonbusiness.com
71.120.0.0/19,VIS-71-96,Verizon Business,US,8192,ALLOCATION,verizonbusiness.com
71.120.128.0/17,VIS-71-96,Verizon Business,US,32768,ALLOCATION,verizonbusiness.com
71.120.64.0/18,VIS-71-96,Verizon Business,US,16384,ALLOCATION,verizonbusiness.com
71.121.128.0/17,VIS-71-96,Verizon Business,US,32768,ALLOCATION,verizonbusiness.com
71.121.64.0/19,VIS-71-96,Verizon Business,US,8192,ALLOCATION,verizonbusiness.com
71.121.96.0/19,VIS-71-96,Verizon Business,US,8192,ALLOCATION,verizonbusiness.com
71.123.0.0/20,DSL,", HEAT TRANSFER SOLUTIONS",US,4096,REASSIGNMENT,heat-xfer.com
71.123.32.0/19,VIS-71-96,Verizon Business,US,8192,ALLOCATION,verizonbusiness.com
71.123.64.0/18,VIS-71-96,Verizon Business,US,16384,ALLOCATION,verizonbusiness.com
71.124.0.0/17,VIS-71-96,Verizon Business,US,32768,ALLOCATION,verizonbusiness.com
71.125.0.0/18,VIS-71-96,Verizon Business,US,16384,ALLOCATION,verizonbusiness.com
71.125.128.0/19,VIS-71-96,Verizon Business,US,8192,ALLOCATION,verizonbusiness.com
71.125.160.0/19,VIS-71-96,Verizon Business,US,8192,ALLOCATION,verizonbusiness.com
71.125.192.0/18,VIS-71-96,Verizon Business,US,16384,ALLOCATION,verizonbusiness.com
71.125.64.0/19,VIS-71-96,Verizon Business,US,8192,ALLOCATION,verizonbusiness.com
71.126.0.0/19,VIS-71-96,Verizon Business,US,8192,ALLOCATION,verizonbusiness.com
71.126.128.0/18,VIS-71-96,Verizon Business,US,16384,ALLOCATION,verizonbusiness.com
71.126.192.0/20,DSL,"SCOTT, SCOTT PROVOST",US,4096,REASSIGNMENT,
71.126.224.0/19,FTTP,BRAINTREE LABRATORIES,US,8192,REASSIGNMENT,
71.126.32.0/20,VIS-71-96,Verizon Business,US,4096,ALLOCATION,verizonbusiness.com
71.126.48.0/20,VIS-71-96,Verizon Business,US,4096,ALLOCATION,verizonbusiness.com
71.126.64.0/18,VIS-71-96,Verizon Business,US,16384,ALLOCATION,verizonbusiness.com
71.127.0.0/20,VIS-71-96,Verizon Business,US,4096,ALLOCATION,verizonbusiness.com
71.127.128.0/20,VIS-71-96,Verizon Business,US,4096,ALLOCATION,verizonbusiness.com
71.127.144.0/20,FTTP,CHIRON TECHNOLOGY SERVIC,US,4096,REASSIGNMENT,chirontech.com
71.127.160.0/19,VIS-71-96,Verizon Business,US,8192,ALLOCATION,verizonbusiness.com
71.127.192.0/18,VIS-71-96,Verizon Business,US,16384,ALLOCATION,verizonbusiness.com
71.127.32.0/19,VIS-71-96,Verizon Business,US,8192,ALLOCATION,verizonbusiness.com
71.161.128.0/18,VIS-BLOCK,Verizon Business,US,16384,ALLOCATION,verizonbusiness.com
71.161.224.0/20,VIS-BLOCK,Verizon Business,US,4096,ALLOCATION,verizonbusiness.com
71.161.240.0/20,VIS-BLOCK,Verizon Business,US,4096,ALLOCATION,verizonbusiness.com
71.161.32.0/19,VIS-BLOCK,Verizon Business,US,8192,ALLOCATION,verizonbusiness.com
71.162.0.0/19,VIS-BLOCK,Verizon Business,US,8192,ALLOCATION,verizonbusiness.com
71.162.128.0/17,VIS-BLOCK,Verizon Business,US,32768,ALLOCATION,verizonbusiness.com
71.162.32.0/19,VIS-BLOCK,Verizon Business,US,8192,ALLOCATION,verizonbusiness.com
71.162.64.0/18,VIS-BLOCK,Verizon Business,US,16384,ALLOCATION,verizonbusiness.com
71.163.0.0/16,VIS-BLOCK,Verizon Business,US,65536,ALLOCATION,verizonbusiness.com
71.164.64.0/18,VIS-BLOCK,Verizon Business,US,16384,ALLOCATION,verizonbusiness.com
71.166.0.0/17,VIS-BLOCK,Verizon Business,US,32768,ALLOCATION,verizonbusiness.com
71.166.128.0/17,VZ-SHS-2,USUHS,US,32768,REASSIGNMENT,
71.166.176.0/21,VZ-SHS-2,USUHS,US,2048,REASSIGNMENT,
71.166.184.0/24,VZ-SHS-2,USUHS,US,256,REASSIGNMENT,
71.166.185.0/24,VZ-SHS-3,USUHS,US,256,REASSIGNMENT,
71.166.186.0/24,VZ-SHS-4,USUHS,US,256,REASSIGNMENT,
71.167.0.0/17,VIS-BLOCK,Verizon Business,US,32768,ALLOCATION,verizonbusiness.com
71.167.128.0/17,VIS-BLOCK,Verizon Business,US,32768,ALLOCATION,verizonbusiness.com
71.168.0.0/19,VIS-BLOCK,Verizon Business,US,8192,ALLOCATION,verizonbusiness.com
71.168.128.0/17,VIS-BLOCK,Verizon Business,US,32768,ALLOCATION,verizonbusiness.com
71.168.32.0/19,VIS-BLOCK,Verizon Business,US,8192,ALLOCATION,verizonbusiness.com
71.169.0.0/18,VIS-BLOCK,Verizon Business,US,16384,ALLOCATION,verizonbusiness.com
71.169.192.0/18,VIS-BLOCK,Verizon Business,US,16384,ALLOCATION,verizonbusiness.com
71.169.64.0/19,VIS-BLOCK,Verizon Business,US,8192,ALLOCATION,verizonbusiness.com
71.169.96.0/19,VIS-BLOCK,Verizon Business,US,8192,ALLOCATION,verizonbusiness.com
71.171.0.0/18,VIS-BLOCK,Verizon Business,US,16384,ALLOCATION,verizonbusiness.com
71.171.64.0/18,VIS-BLOCK,Verizon Business,US,16384,ALLOCATION,verizonbusiness.com
71.172.0.0/16,VIS-BLOCK,Verizon Business,US,65536,ALLOCATION,verizonbusiness.com
71.173.0.0/18,VIS-BLOCK,Verizon Business,US,16384,ALLOCATION,verizonbusiness.com
71.173.128.0/17,VIS-BLOCK,Verizon Business,US,32768,ALLOCATION,verizonbusiness.com
71.173.96.0/19,VIS-BLOCK,Verizon Business,US,8192,ALLOCATION,verizonbusiness.com
71.174.0.0/16,VIS-BLOCK,Verizon Business,US,65536,ALLOCATION,verizonbusiness.com
71.175.0.0/16,VIS-BLOCK,Verizon Business,US,65536,ALLOCATION,verizonbusiness.com
71.176.0.0/18,VIS-BLOCK,Verizon Business,US,16384,ALLOCATION,verizonbusiness.com
71.176.128.0/18,VIS-BLOCK,Verizon Business,US,16384,ALLOCATION,verizonbusiness.com
71.176.192.0/18,VIS-BLOCK,Verizon Business,US,16384,ALLOCATION,verizonbusiness.com
71.176.64.0/18,VIS-BLOCK,Verizon Business,US,16384,ALLOCATION,verizonbusiness.com
71.178.0.0/16,VIS-BLOCK,Verizon Business,US,65536,ALLOCATION,verizonbusiness.com
71.179.0.0/16,VIS-BLOCK,Verizon Business,US,65536,ALLOCATION,verizonbusiness.com
71.181.128.0/17,VIS-BLOCK,Verizon Business,US,32768,ALLOCATION,verizonbusiness.com
71.182.128.0/17,VIS-BLOCK,Verizon Business,US,32768,ALLOCATION,verizonbusiness.com
71.182.96.0/19,VIS-BLOCK,Verizon Business,US,8192,ALLOCATION,verizonbusiness.com
71.183.0.0/17,VIS-BLOCK,Verizon Business,US,32768,ALLOCATION,verizonbusiness.com
71.183.128.0/17,VIS-BLOCK,Verizon Business,US,32768,ALLOCATION,verizonbusiness.com
71.184.0.0/16,VIS-BLOCK,Verizon Business,US,65536,ALLOCATION,verizonbusiness.com
71.185.0.0/16,VIS-BLOCK,Verizon Business,US,65536,ALLOCATION,verizonbusiness.com
71.186.128.0/17,VIS-BLOCK,Verizon Business,US,32768,ALLOCATION,verizonbusiness.com
71.187.0.0/16,VIS-BLOCK,Verizon Business,US,65536,ALLOCATION,verizonbusiness.com
71.188.0.0/17,VIS-BLOCK,Verizon Business,US,32768,ALLOCATION,verizonbusiness.com
71.188.224.0/20,VIS-BLOCK,Verizon Business,US,4096,ALLOCATION,verizonbusiness.com
71.190.0.0/17,VIS-BLOCK,Verizon Business,US,32768,ALLOCATION,verizonbusiness.com
71.190.128.0/17,VIS-BLOCK,Verizon Business,US,32768,ALLOCATION,verizonbusiness.com
71.191.0.0/16,VIS-BLOCK,Verizon Business,US,65536,ALLOCATION,verizonbusiness.com
71.240.0.0/17,VIS-BLOCK,Verizon Business,US,32768,ALLOCATION,verizonbusiness.com
71.240.128.0/19,VIS-BLOCK,Verizon Business,US,8192,ALLOCATION,verizonbusiness.com
71.240.192.0/19,VIS-BLOCK,Verizon Business,US,8192,ALLOCATION,verizonbusiness.com
71.241.0.0/18,VIS-BLOCK,Verizon Business,US,16384,ALLOCATION,verizonbusiness.com
71.241.144.0/20,VIS-BLOCK,Verizon Business,US,4096,ALLOCATION,verizonbusiness.com
71.241.224.0/19,VIS-BLOCK,Verizon Business,US,8192,ALLOCATION,verizonbusiness.com
71.241.64.0/18,VIS-BLOCK,Verizon Business,US,16384,ALLOCATION,verizonbusiness.com
71.242.0.0/16,VIS-BLOCK,Verizon Business,US,65536,ALLOCATION,verizonbusiness.com
71.242.1.0/24,VIS-BLOCK,Verizon Business,US,256,ALLOCATION,verizonbusiness.com
71.243.0.0/17,VIS-BLOCK,Verizon Business,US,32768,ALLOCATION,verizonbusiness.com
71.243.1.0/24,VIS-BLOCK,Verizon Business,US,256,ALLOCATION,verizonbusiness.com
71.243.128.0/18,VIS-BLOCK,Verizon Business,US,16384,ALLOCATION,verizonbusiness.com
71.244.112.0/20,FTTP,WIFIFEE LLC,US,4096,REASSIGNMENT,
71.244.128.0/17,VIS-BLOCK,Verizon Business,US,32768,ALLOCATION,verizonbusiness.com
71.244.64.0/20,VIS-BLOCK,Verizon Business,US,4096,ALLOCATION,verizonbusiness.com
71.244.80.0/20,VIS-BLOCK,Verizon Business,US,4096,ALLOCATION,verizonbusiness.com
71.244.96.0/20,FTTP,KT BENEFTS,US,4096,REASSIGNMENT,
71.245.0.0/18,VIS-BLOCK,Verizon Business,US,16384,ALLOCATION,verizonbusiness.com
71.245.112.0/20,FTTP,ADIENCE DESIGN,US,4096,REASSIGNMENT,dkordesigns.com
71.245.128.0/19,VIS-BLOCK,Verizon Business,US,8192,ALLOCATION,verizonbusiness.com
71.245.160.0/20,FTTP,BIOHABITATS,US,4096,REASSIGNMENT,biohabitats.com
71.245.176.0/20,FTTP,ATAPOL SETTLEMENT SVCS,US,4096,REASSIGNMENT,
71.245.224.0/20,FTTP,L SQUARE,US,4096,REASSIGNMENT,
71.245.240.0/20,FTTP,ACCOMODATIONS PLUS INC,US,4096,REASSIGNMENT,racinghotels.com
71.245.64.0/20,FTTP,DOMINION DIAGNOSTICS,US,4096,REASSIGNMENT,dominiondiagnostics.com
71.245.80.0/20,FTTP,PETR-ALL PETROLEUM,US,4096,REASSIGNMENT,
71.246.0.0/19,VIS-BLOCK,Verizon Business,US,8192,ALLOCATION,verizonbusiness.com
71.246.144.0/20,VIS-BLOCK,Verizon Business,US,4096,ALLOCATION,verizonbusiness.com
71.246.160.0/24,VIS-BLOCK,Verizon Business,US,256,ALLOCATION,verizonbusiness.com
71.246.174.0/23,VIS-BLOCK,Verizon Business,US,512,ALLOCATION,verizonbusiness.com
71.246.174.0/24,VIS-BLOCK,Verizon Business,US,256,ALLOCATION,verizonbusiness.com
71.246.176.0/20,VIS-BLOCK,Verizon Business,US,4096,ALLOCATION,verizonbusiness.com
71.246.192.0/18,VIS-BLOCK,Verizon Business,US,16384,ALLOCATION,verizonbusiness.com
71.246.64.0/19,VIS-BLOCK,Verizon Business,US,8192,ALLOCATION,verizonbusiness.com
71.246.96.0/19,VIS-BLOCK,Verizon Business,US,8192,ALLOCATION,verizonbusiness.com
71.247.0.0/16,VIS-BLOCK,Verizon Business,US,65536,ALLOCATION,verizonbusiness.com
71.248.0.0/17,VIS-BLOCK,Verizon Business,US,32768,ALLOCATION,verizonbusiness.com
71.248.160.0/19,FTTP,LASELL COLLEGE,US,8192,REASSIGNMENT,lasell.edu
71.249.0.0/16,VIS-BLOCK,Verizon Business,US,65536,ALLOCATION,verizonbusiness.com
71.250.0.0/16,VIS-BLOCK,Verizon Business,US,65536,ALLOCATION,verizonbusiness.com
71.250.1.0/24,VIS-BLOCK,Verizon Business,US,256,ALLOCATION,verizonbusiness.com
71.251.0.0/19,VIS-BLOCK,Verizon Business,US,8192,ALLOCATION,verizonbusiness.com
71.251.128.0/20,VIS-BLOCK,Verizon Business,US,4096,ALLOCATION,verizonbusiness.com
71.251.144.0/20,FTTP,HIGHER INFORMATION GROUP,US,4096,REASSIGNMENT,higherinfogroup.com
71.251.160.0/20,VIS-BLOCK,Verizon Business,US,4096,ALLOCATION,verizonbusiness.com
71.251.176.0/20,VIS-BLOCK,Verizon Business,US,4096,ALLOCATION,verizonbusiness.com
71.251.192.0/19,VIS-BLOCK,Verizon Business,US,8192,ALLOCATION,verizonbusiness.com
71.251.224.0/20,FTTP,REJOYCE AND JESUS MINISTR,US,4096,REASSIGNMENT,
71.251.32.0/20,VIS-BLOCK,Verizon Business,US,4096,ALLOCATION,verizonbusiness.com
71.251.48.0/20,VIS-BLOCK,Verizon Business,US,4096,ALLOCATION,verizonbusiness.com
71.252.0.0/17,VIS-BLOCK,Verizon Business,US,32768,ALLOCATION,verizonbusiness.com
71.252.1.0/24,VIS-BLOCK,Verizon Business,US,256,ALLOCATION,verizonbusiness.com
71.253.0.0/17,VIS-BLOCK,Verizon Business,US,32768,ALLOCATION,verizonbusiness.com
71.253.128.0/18,VIS-BLOCK,Verizon Business,US,16384,ALLOCATION,verizonbusiness.com
71.254.112.0/20,VIS-BLOCK,Verizon Business,US,4096,ALLOCATION,verizonbusiness.com
71.254.192.0/19,VIS-BLOCK,Verizon Business,US,8192,ALLOCATION,verizonbusiness.com
71.254.48.0/20,VIS-BLOCK,Verizon Business,US,4096,ALLOCATION,verizonbusiness.com
71.254.64.0/20,VIS-BLOCK,Verizon Business,US,4096,ALLOCATION,verizonbusiness.com
71.254.80.0/20,VIS-BLOCK,Verizon Business,US,4096,ALLOCATION,verizonbusiness.com
71.255.0.0/19,VIS-BLOCK,Verizon Business,US,8192,ALLOCATION,verizonbusiness.com
71.255.160.0/20,VIS-BLOCK,Verizon Business,US,4096,ALLOCATION,verizonbusiness.com
71.255.176.0/20,VIS-BLOCK,Verizon Business,US,4096,ALLOCATION,verizonbusiness.com
71.255.192.0/19,VIS-BLOCK,Verizon Business,US,8192,ALLOCATION,verizonbusiness.com
71.255.224.0/19,VIS-BLOCK,Verizon Business,US,8192,ALLOCATION,verizonbusiness.com
71.255.32.0/20,VIS-BLOCK,Verizon Business,US,4096,ALLOCATION,verizonbusiness.com
71.255.48.0/20,VIS-BLOCK,Verizon Business,US,4096,ALLOCATION,verizonbusiness.com
71.255.64.0/20,VIS-BLOCK,Verizon Business,US,4096,ALLOCATION,verizonbusiness.com
71.255.80.0/20,VIS-BLOCK,Verizon Business,US,4096,ALLOCATION,verizonbusiness.com
71.255.96.0/20,VIS-BLOCK,Verizon Business,US,4096,ALLOCATION,verizonbusiness.com
71.4.106.0/23,XOXO-BLK-26,Verizon Business,US,512,ALLOCATION,verizonbusiness.com
71.4.163.0/24,XOXO-71-4-163-0,Douglas Elliman Property Management,US,256,REALLOCATION,ellimanpm.com
71.4.62.0/24,XOXO-BLK-26,Verizon Business,US,256,ALLOCATION,verizonbusiness.com
71.4.97.0/24,XOXO-71-4-97-0,Ilitch Holdings Inc.,US,256,REALLOCATION,ilitchholdings.com
71.96.0.0/11,VIS-71-96,Verizon Business,US,2097152,ALLOCATION,verizonbusiness.com
71.97.128.0/18,VIS-71-96,Verizon Business,US,16384,ALLOCATION,verizonbusiness.com
71.97.192.0/19,VIS-71-96,Verizon Business,US,8192,ALLOCATION,verizonbusiness.com
71.98.0.0/17,VIS-71-96,Verizon Business,US,32768,ALLOCATION,verizonbusiness.com
72.42.0.0/18,VZN-DSL-LVL3-BLK10,Verizon Business,US,16384,ALLOCATION,verizonbusiness.com
72.46.224.0/19,TERRENAP-0-20,Verizon Business,US,8192,ALLOCATION,verizonbusiness.com
72.46.243.0/24,TERRENAP-0-18,BENIHANA NATIONAL CORP,US,256,REASSIGNMENT,
72.46.248.0/24,TERRENAP-0-20,Farelogix Inc,US,256,REASSIGNMENT,farelogix.com
72.64.32.0/19,VIS-72-64,Verizon Business,US,8192,ALLOCATION,verizonbusiness.com
72.65.0.0/18,VIS-72-64,Verizon Business,US,16384,ALLOCATION,verizonbusiness.com
72.65.160.0/19,VIS-72-64,Verizon Business,US,8192,ALLOCATION,verizonbusiness.com
72.65.192.0/18,VIS-72-64,Verizon Business,US,16384,ALLOCATION,verizonbusiness.com
72.66.0.0/17,VIS-72-64,Verizon Business,US,32768,ALLOCATION,verizonbusiness.com
72.66.184.0/21,VIS-72-64,Verizon Business,US,2048,ALLOCATION,verizonbusiness.com
72.66.192.0/19,VIS-72-64,Verizon Business,US,8192,ALLOCATION,verizonbusiness.com
72.68.0.0/17,VIS-72-64,Verizon Business,US,32768,ALLOCATION,verizonbusiness.com
72.68.128.0/17,VIS-72-64,Verizon Business,US,32768,ALLOCATION,verizonbusiness.com
72.69.0.0/16,VIS-72-64,Verizon Business,US,65536,ALLOCATION,verizonbusiness.com
72.70.0.0/17,VIS-72-64,Verizon Business,US,32768,ALLOCATION,verizonbusiness.com
72.70.128.0/18,VIS-72-64,Verizon Business,US,16384,ALLOCATION,verizonbusiness.com
72.70.192.0/19,VIS-72-64,Verizon Business,US,8192,ALLOCATION,verizonbusiness.com
72.70.224.0/19,VIS-72-64,Verizon Business,US,8192,ALLOCATION,verizonbusiness.com
72.71.128.0/18,VIS-72-64,Verizon Business,US,16384,ALLOCATION,verizonbusiness.com
72.72.0.0/17,VIS-72-64,Verizon Business,US,32768,ALLOCATION,verizonbusiness.com
72.72.128.0/18,VIS-72-64,Verizon Business,US,16384,ALLOCATION,verizonbusiness.com
72.72.160.0/19,VIS-72-64,Verizon Business,US,8192,ALLOCATION,verizonbusiness.com
72.72.192.0/18,VIS-72-64,Verizon Business,US,16384,ALLOCATION,verizonbusiness.com
72.73.16.0/20,VIS-72-64,Verizon Business,US,4096,ALLOCATION,verizonbusiness.com
72.73.192.0/18,VIS-72-64,Verizon Business,US,16384,ALLOCATION,verizonbusiness.com
72.73.32.0/20,VIS-72-64,Verizon Business,US,4096,ALLOCATION,verizonbusiness.com
72.73.48.0/20,VZ-SPWR-1,Spawar,US,4096,REASSIGNMENT,
72.74.0.0/16,VIS-72-64,Verizon Business,US,65536,ALLOCATION,verizonbusiness.com
72.75.128.0/19,VIS-72-64,Verizon Business,US,8192,ALLOCATION,verizonbusiness.com
72.75.192.0/18,VIS-72-64,Verizon Business,US,16384,ALLOCATION,verizonbusiness.com
72.76.0.0/16,VIS-72-64,Verizon Business,US,65536,ALLOCATION,verizonbusiness.com
72.77.0.0/17,VIS-72-64,Verizon Business,US,32768,ALLOCATION,verizonbusiness.com
72.78.0.0/16,VIS-72-64,Verizon Business,US,65536,ALLOCATION,verizonbusiness.com
72.79.0.0/17,VIS-72-64,Verizon Business,US,32768,ALLOCATION,verizonbusiness.com
72.79.128.0/18,VIS-72-64,Verizon Business,US,16384,ALLOCATION,verizonbusiness.com
72.79.192.0/18,VIS-72-64,Verizon Business,US,16384,ALLOCATION,verizonbusiness.com
72.80.0.0/16,VIS-72-64,Verizon Business,US,65536,ALLOCATION,verizonbusiness.com
72.81.128.0/17,VIS-72-64,Verizon Business,US,32768,ALLOCATION,verizonbusiness.com
72.82.0.0/19,VIS-72-64,Verizon Business,US,8192,ALLOCATION,verizonbusiness.com
72.82.128.0/17,VIS-72-64,Verizon Business,US,32768,ALLOCATION,verizonbusiness.com
72.82.32.0/19,VIS-72-64,Verizon Business,US,8192,ALLOCATION,verizonbusiness.com
72.83.0.0/16,VIS-72-64,Verizon Business,US,65536,ALLOCATION,verizonbusiness.com
72.84.128.0/18,VIS-72-64,Verizon Business,US,16384,ALLOCATION,verizonbusiness.com
72.84.192.0/18,VIS-72-64,Verizon Business,US,16384,ALLOCATION,verizonbusiness.com
72.84.64.0/18,VIS-72-64,Verizon Business,US,16384,ALLOCATION,verizonbusiness.com
72.85.0.0/17,VIS-72-64,Verizon Business,US,32768,ALLOCATION,verizonbusiness.com
72.85.128.0/17,VIS-72-64,Verizon Business,US,32768,ALLOCATION,verizonbusiness.com
72.86.0.0/20,VIS-72-64,Verizon Business,US,4096,ALLOCATION,verizonbusiness.com
72.86.128.0/17,VIS-72-64,Verizon Business,US,32768,ALLOCATION,verizonbusiness.com
72.86.32.0/19,VIS-72-64,Verizon Business,US,8192,ALLOCATION,verizonbusiness.com
72.87.64.0/18,VIS-72-64,Verizon Business,US,16384,ALLOCATION,verizonbusiness.com
72.88.0.0/17,VIS-72-64,Verizon Business,US,32768,ALLOCATION,verizonbusiness.com
72.88.128.0/17,VIS-72-64,Verizon Business,US,32768,ALLOCATION,verizonbusiness.com
72.89.0.0/17,VIS-72-64,Verizon Business,US,32768,ALLOCATION,verizonbusiness.com
72.89.128.0/17,VIS-72-64,Verizon Business,US,32768,ALLOCATION,verizonbusiness.com
72.90.0.0/18,VIS-72-64,Verizon Business,US,16384,ALLOCATION,verizonbusiness.com
72.90.128.0/17,VIS-72-64,Verizon Business,US,32768,ALLOCATION,verizonbusiness.com
72.90.64.0/19,VIS-72-64,Verizon Business,US,8192,ALLOCATION,verizonbusiness.com
72.92.0.0/17,VIS-72-64,Verizon Business,US,32768,ALLOCATION,verizonbusiness.com
72.92.208.0/20,VIS-72-64,Verizon Business,US,4096,ALLOCATION,verizonbusiness.com
72.92.224.0/19,VIS-72-64,Verizon Business,US,8192,ALLOCATION,verizonbusiness.com
72.93.0.0/16,VIS-72-64,Verizon Business,US,65536,ALLOCATION,verizonbusiness.com
72.94.0.0/16,VIS-72-64,Verizon Business,US,65536,ALLOCATION,verizonbusiness.com
72.95.0.0/18,VIS-72-64,Verizon Business,US,16384,ALLOCATION,verizonbusiness.com
72.95.128.0/17,VIS-72-64,Verizon Business,US,32768,ALLOCATION,verizonbusiness.com
74.101.0.0/16,VIS-BLOCK,Verizon Business,US,65536,ALLOCATION,verizonbusiness.com
74.102.0.0/16,VIS-BLOCK,Verizon Business,US,65536,ALLOCATION,verizonbusiness.com
74.103.0.0/17,VIS-BLOCK,Verizon Business,US,32768,ALLOCATION,verizonbusiness.com
74.103.128.0/18,VIS-BLOCK,Verizon Business,US,16384,ALLOCATION,verizonbusiness.com
74.103.192.0/18,VIS-BLOCK,Verizon Business,US,16384,ALLOCATION,verizonbusiness.com
74.104.0.0/16,VIS-BLOCK,Verizon Business,US,65536,ALLOCATION,verizonbusiness.com
74.105.0.0/16,VIS-BLOCK,Verizon Business,US,65536,ALLOCATION,verizonbusiness.com
74.106.0.0/19,VIS-BLOCK,Verizon Business,US,8192,ALLOCATION,verizonbusiness.com
74.106.176.0/20,VIS-BLOCK,Verizon Business,US,4096,ALLOCATION,verizonbusiness.com
74.106.192.0/20,VIS-BLOCK,Verizon Business,US,4096,ALLOCATION,verizonbusiness.com
74.106.224.0/19,VIS-BLOCK,Verizon Business,US,8192,ALLOCATION,verizonbusiness.com
74.106.64.0/18,VIS-BLOCK,Verizon Business,US,16384,ALLOCATION,verizonbusiness.com
74.107.0.0/18,VIS-BLOCK,Verizon Business,US,16384,ALLOCATION,verizonbusiness.com
74.107.160.0/20,VIS-BLOCK,Verizon Business,US,4096,ALLOCATION,verizonbusiness.com
74.107.180.0/22,VIS-BLOCK,Verizon Business,US,1024,ALLOCATION,verizonbusiness.com
74.107.64.0/18,VIS-BLOCK,Verizon Business,US,16384,ALLOCATION,verizonbusiness.com
74.108.0.0/16,VIS-BLOCK,Verizon Business,US,65536,ALLOCATION,verizonbusiness.com
74.109.0.0/17,VIS-BLOCK,Verizon Business,US,32768,ALLOCATION,verizonbusiness.com
74.109.160.0/19,VIS-BLOCK,Verizon Business,US,8192,ALLOCATION,verizonbusiness.com
74.109.192.0/18,VIS-BLOCK,Verizon Business,US,16384,ALLOCATION,verizonbusiness.com
74.110.0.0/18,VIS-BLOCK,Verizon Business,US,16384,ALLOCATION,verizonbusiness.com
74.110.128.0/17,VIS-BLOCK,Verizon Business,US,32768,ALLOCATION,verizonbusiness.com
74.110.64.0/20,VIS-BLOCK,Verizon Business,US,4096,ALLOCATION,verizonbusiness.com
74.110.96.0/19,FTTP,BRANSON MATHESON,US,8192,REASSIGNMENT,
74.111.0.0/18,VIS-BLOCK,Verizon Business,US,16384,ALLOCATION,verizonbusiness.com
74.111.160.0/19,VIS-BLOCK,Verizon Business,US,8192,ALLOCATION,verizonbusiness.com
74.111.96.0/19,VIS-BLOCK,Verizon Business,US,8192,ALLOCATION,verizonbusiness.com
74.96.0.0/16,VIS-BLOCK,Verizon Business,US,65536,ALLOCATION,verizonbusiness.com
74.97.0.0/18,VIS-BLOCK,Verizon Business,US,16384,ALLOCATION,verizonbusiness.com
74.97.128.0/18,VIS-BLOCK,Verizon Business,US,16384,ALLOCATION,verizonbusiness.com
74.97.64.0/18,VIS-BLOCK,Verizon Business,US,16384,ALLOCATION,verizonbusiness.com
74.98.0.0/19,VIS-BLOCK,Verizon Business,US,8192,ALLOCATION,verizonbusiness.com
74.98.128.0/20,VIS-BLOCK,Verizon Business,US,4096,ALLOCATION,verizonbusiness.com
74.98.160.0/19,VIS-BLOCK,Verizon Business,US,8192,ALLOCATION,verizonbusiness.com
74.98.192.0/18,VIS-BLOCK,Verizon Business,US,16384,ALLOCATION,verizonbusiness.com
74.98.32.0/19,VIS-BLOCK,Verizon Business,US,8192,ALLOCATION,verizonbusiness.com
74.99.104.0/21,VIS-BLOCK,Verizon Business,US,2048,ALLOCATION,verizonbusiness.com
74.99.128.0/18,VIS-BLOCK,Verizon Business,US,16384,ALLOCATION,verizonbusiness.com
74.99.64.0/19,VIS-BLOCK,Verizon Business,US,8192,ALLOCATION,verizonbusiness.com
96.224.0.0/16,VIS-BLOCK,Verizon Business,US,65536,ALLOCATION,verizonbusiness.com
96.225.0.0/17,VIS-BLOCK,Verizon Business,US,32768,ALLOCATION,verizonbusiness.com
96.225.128.0/18,VIS-BLOCK,Verizon Business,US,16384,ALLOCATION,verizonbusiness.com
96.227.0.0/16,VIS-BLOCK,Verizon Business,US,65536,ALLOCATION,verizonbusiness.com
96.228.0.0/18,VIS-BLOCK,Verizon Business,US,16384,ALLOCATION,verizonbusiness.com
96.228.80.0/20,VIS-BLOCK,Verizon Business,US,4096,ALLOCATION,verizonbusiness.com
96.228.96.0/19,VIS-BLOCK,Verizon Business,US,8192,ALLOCATION,verizonbusiness.com
96.230.0.0/16,VIS-BLOCK,Verizon Business,US,65536,ALLOCATION,verizonbusiness.com
96.231.0.0/16,VIS-BLOCK,Verizon Business,US,65536,ALLOCATION,verizonbusiness.com
96.232.0.0/16,VIS-BLOCK,Verizon Business,US,65536,ALLOCATION,verizonbusiness.com
96.233.0.0/17,VIS-BLOCK,Verizon Business,US,32768,ALLOCATION,verizonbusiness.com
96.233.128.0/19,FTTP,CAROUSEL INDUSTRIES OF NO,US,8192,REASSIGNMENT,carouselportal.com
96.233.160.0/19,VIS-BLOCK,Verizon Business,US,8192,ALLOCATION,verizonbusiness.com
96.233.192.0/20,FTTP,TOWN OF POUGHKEEPSIE,US,4096,REASSIGNMENT,cityofpoughkeepsie.com
96.233.208.0/20,VIS-BLOCK,Verizon Business,US,4096,ALLOCATION,verizonbusiness.com
96.234.0.0/17,VIS-BLOCK,Verizon Business,US,32768,ALLOCATION,verizonbusiness.com
96.234.128.0/17,VIS-BLOCK,Verizon Business,US,32768,ALLOCATION,verizonbusiness.com
96.235.0.0/18,VIS-BLOCK,Verizon Business,US,16384,ALLOCATION,verizonbusiness.com
96.235.128.0/18,VIS-BLOCK,Verizon Business,US,16384,ALLOCATION,verizonbusiness.com
96.235.192.0/19,VIS-BLOCK,Verizon Business,US,8192,ALLOCATION,verizonbusiness.com
96.235.224.0/19,VIS-BLOCK,Verizon Business,US,8192,ALLOCATION,verizonbusiness.com
96.236.0.0/18,VIS-BLOCK,Verizon Business,US,16384,ALLOCATION,verizonbusiness.com
96.236.112.0/20,VIS-BLOCK,Verizon Business,US,4096,ALLOCATION,verizonbusiness.com
96.236.128.0/17,VIS-BLOCK,Verizon Business,US,32768,ALLOCATION,verizonbusiness.com
96.236.80.0/20,VIS-BLOCK,Verizon Business,US,4096,ALLOCATION,verizonbusiness.com
96.237.0.0/16,VIS-BLOCK,Verizon Business,US,65536,ALLOCATION,verizonbusiness.com
96.238.0.0/18,VIS-BLOCK,Verizon Business,US,16384,ALLOCATION,verizonbusiness.com
96.238.112.0/20,VIS-BLOCK,Verizon Business,US,4096,ALLOCATION,verizonbusiness.com
96.238.128.0/19,FTTP,IAGT,US,8192,REASSIGNMENT,iagt.org
96.238.160.0/19,VIS-BLOCK,Verizon Business,US,8192,ALLOCATION,verizonbusiness.com
96.238.64.0/19,VIS-BLOCK,Verizon Business,US,8192,ALLOCATION,verizonbusiness.com
96.238.96.0/20,VIS-BLOCK,Verizon Business,US,4096,ALLOCATION,verizonbusiness.com
96.239.0.0/17,VIS-BLOCK,Verizon Business,US,32768,ALLOCATION,verizonbusiness.com
96.239.128.0/19,VIS-BLOCK,Verizon Business,US,8192,ALLOCATION,verizonbusiness.com
96.239.160.0/20,VIS-BLOCK,Verizon Business,US,4096,ALLOCATION,verizonbusiness.com
96.239.176.0/22,DSL,", MEDI HOME CARE",US,1024,REASSIGNMENT,medihomecare.pl
96.239.180.0/22,VIS-BLOCK,Verizon Business,US,1024,ALLOCATION,verizonbusiness.com
96.239.224.0/20,VIS-BLOCK,Verizon Business,US,4096,ALLOCATION,verizonbusiness.com
96.240.0.0/19,FTTP,DELBARTON SCHOOL,US,8192,REASSIGNMENT,delbarton.org
96.240.128.0/20,VIS-BLOCK,Verizon Business,US,4096,ALLOCATION,verizonbusiness.com
96.240.144.0/20,VIS-BLOCK,Verizon Business,US,4096,ALLOCATION,verizonbusiness.com
96.240.160.0/19,VIS-BLOCK,Verizon Business,US,8192,ALLOCATION,verizonbusiness.com
96.240.192.0/18,VIS-BLOCK,Verizon Business,US,16384,ALLOCATION,verizonbusiness.com
96.240.80.0/20,VIS-BLOCK,Verizon Business,US,4096,ALLOCATION,verizonbusiness.com
96.240.96.0/20,FTTP,INTERGIS LLC,US,4096,REASSIGNMENT,intergis.com
96.241.0.0/16,VIS-BLOCK,Verizon Business,US,65536,ALLOCATION,verizonbusiness.com
96.242.0.0/16,VIS-BLOCK,Verizon Business,US,65536,ALLOCATION,verizonbusiness.com
96.243.0.0/18,VIS-BLOCK,Verizon Business,US,16384,ALLOCATION,verizonbusiness.com
96.243.64.0/19,VIS-BLOCK,Verizon Business,US,8192,ALLOCATION,verizonbusiness.com
96.243.96.0/19,VIS-BLOCK,Verizon Business,US,8192,ALLOCATION,verizonbusiness.com
96.244.0.0/16,VIS-BLOCK,Verizon Business,US,65536,ALLOCATION,verizonbusiness.com
96.245.0.0/16,VIS-BLOCK,Verizon Business,US,65536,ALLOCATION,verizonbusiness.com
96.246.0.0/17,VIS-BLOCK,Verizon Business,US,32768,ALLOCATION,verizonbusiness.com
96.246.128.0/17,VIS-BLOCK,Verizon Business,US,32768,ALLOCATION,verizonbusiness.com
96.247.128.0/18,VIS-BLOCK,Verizon Business,US,16384,ALLOCATION,verizonbusiness.com
96.247.192.0/19,VIS-BLOCK,Verizon Business,US,8192,ALLOCATION,verizonbusiness.com
96.247.240.0/20,VIS-BLOCK,Verizon Business,US,4096,ALLOCATION,verizonbusiness.com
96.248.0.0/19,VIS-BLOCK,Verizon Business,US,8192,ALLOCATION,verizonbusiness.com
96.248.192.0/19,VIS-BLOCK,Verizon Business,US,8192,ALLOCATION,verizonbusiness.com
96.248.32.0/19,VIS-BLOCK,Verizon Business,US,8192,ALLOCATION,verizonbusiness.com
96.248.64.0/18,VIS-BLOCK,Verizon Business,US,16384,ALLOCATION,verizonbusiness.com
96.249.0.0/19,VIS-BLOCK,Verizon Business,US,8192,ALLOCATION,verizonbusiness.com
96.249.128.0/20,VIS-BLOCK,Verizon Business,US,4096,ALLOCATION,verizonbusiness.com
96.249.144.0/20,VIS-BLOCK,Verizon Business,US,4096,ALLOCATION,verizonbusiness.com
96.249.208.0/20,VIS-BLOCK,Verizon Business,US,4096,ALLOCATION,verizonbusiness.com
96.249.224.0/19,VIS-BLOCK,Verizon Business,US,8192,ALLOCATION,verizonbusiness.com
96.249.32.0/19,FTTP,POLARIS LIBRARY SYSTEMS,US,8192,REASSIGNMENT,polarislibrary.com
96.250.0.0/16,VIS-BLOCK,Verizon Business,US,65536,ALLOCATION,verizonbusiness.com
96.252.0.0/17,VIS-BLOCK,Verizon Business,US,32768,ALLOCATION,verizonbusiness.com
96.252.254.0/24,VIS-BLOCK,Verizon Business,US,256,ALLOCATION,verizonbusiness.com
96.253.0.0/18,VIS-BLOCK,Verizon Business,US,16384,ALLOCATION,verizonbusiness.com
96.253.192.0/19,VIS-BLOCK,Verizon Business,US,8192,ALLOCATION,verizonbusiness.com
96.253.224.0/20,VIS-BLOCK,Verizon Business,US,4096,ALLOCATION,verizonbusiness.com
96.253.64.0/18,VIS-BLOCK,Verizon Business,US,16384,ALLOCATION,verizonbusiness.com
96.255.0.0/16,VIS-BLOCK,Verizon Business,US,65536,ALLOCATION,verizonbusiness.com
98.109.0.0/16,VIS-BLOCK,Verizon Business,US,65536,ALLOCATION,verizonbusiness.com
98.110.0.0/17,VIS-BLOCK,Verizon Business,US,32768,ALLOCATION,verizonbusiness.com
98.110.128.0/17,VIS-BLOCK,Verizon Business,US,32768,ALLOCATION,verizonbusiness.com
98.111.0.0/18,VIS-BLOCK,Verizon Business,US,16384,ALLOCATION,verizonbusiness.com
98.111.128.0/18,VIS-BLOCK,Verizon Business,US,16384,ALLOCATION,verizonbusiness.com
98.111.192.0/18,VIS-BLOCK,Verizon Business,US,16384,ALLOCATION,verizonbusiness.com
98.111.96.0/19,VIS-BLOCK,Verizon Business,US,8192,ALLOCATION,verizonbusiness.com
98.113.0.0/16,VIS-BLOCK,Verizon Business,US,65536,ALLOCATION,verizonbusiness.com
98.114.0.0/16,VIS-BLOCK,Verizon Business,US,65536,ALLOCATION,verizonbusiness.com
98.115.0.0/16,VIS-BLOCK,Verizon Business,US,65536,ALLOCATION,verizonbusiness.com
98.116.0.0/16,VIS-BLOCK,Verizon Business,US,65536,ALLOCATION,verizonbusiness.com
98.117.0.0/19,VIS-BLOCK,Verizon Business,US,8192,ALLOCATION,verizonbusiness.com
98.117.160.0/19,VIS-BLOCK,Verizon Business,US,8192,ALLOCATION,verizonbusiness.com
98.117.192.0/19,VIS-BLOCK,Verizon Business,US,8192,ALLOCATION,verizonbusiness.com
98.117.224.0/20,VIS-BLOCK,Verizon Business,US,4096,ALLOCATION,verizonbusiness.com
98.117.240.0/20,FTTP,HIGHER INFORMATION GROUP,US,4096,REASSIGNMENT,higherinfogroup.com
98.117.32.0/19,VIS-BLOCK,Verizon Business,US,8192,ALLOCATION,verizonbusiness.com
98.117.64.0/19,VIS-BLOCK,Verizon Business,US,8192,ALLOCATION,verizonbusiness.com
98.118.0.0/17,VIS-BLOCK,Verizon Business,US,32768,ALLOCATION,verizonbusiness.com
98.118.128.0/18,VIS-BLOCK,Verizon Business,US,16384,ALLOCATION,verizonbusiness.com
98.118.192.0/19,VIS-BLOCK,Verizon Business,US,8192,ALLOCATION,verizonbusiness.com
98.118.240.0/20,VIS-BLOCK,Verizon Business,US,4096,ALLOCATION,verizonbusiness.com
